jis_s,old_zip_code_s,zip_code_s,province_ruby_txt_ja,city_ruby_txt_ja,town_ruby_txt_ja,province_txt_ja,city_txt_ja,town_txt_ja
13103,"105  ",1050000,トウキョウト,ミナトク,イカニケイサイガナイバアイ,東京都,港区,以下に掲載がない場合
13103,"107  ",1070052,トウキョウト,ミナトク,アカサカ(ツギノビルヲノゾク),東京都,港区,赤坂（次のビルを除く）
13103,"107  ",1076090,トウキョウト,ミナトク,アカサカアカサカアークヒルズ・アークモリビル(チカイ・カイソウフメイ),東京都,港区,赤坂赤坂アークヒルズ・アーク森ビル（地階・階層不明）
13103,"107  ",1076001,トウキョウト,ミナトク,アカサカアカサカアークヒルズ・アークモリビル(1カイ),東京都,港区,赤坂赤坂アークヒルズ・アーク森ビル（１階）
13103,"107  ",1076002,トウキョウト,ミナトク,アカサカアカサカアークヒルズ・アークモリビル(2カイ),東京都,港区,赤坂赤坂アークヒルズ・アーク森ビル（２階）
13103,"107  ",1076003,トウキョウト,ミナトク,アカサカアカサカアークヒルズ・アークモリビル(3カイ),東京都,港区,赤坂赤坂アークヒルズ・アーク森ビル（３階）
13103,"107  ",1076004,トウキョウト,ミナトク,アカサカアカサカアークヒルズ・アークモリビル(4カイ),東京都,港区,赤坂赤坂アークヒルズ・アーク森ビル（４階）
13103,"107  ",1076005,トウキョウト,ミナトク,アカサカアカサカアークヒルズ・アークモリビル(5カイ),東京都,港区,赤坂赤坂アークヒルズ・アーク森ビル（５階）
13103,"107  ",1076006,トウキョウト,ミナトク,アカサカアカサカアークヒルズ・アークモリビル(6カイ),東京都,港区,赤坂赤坂アークヒルズ・アーク森ビル（６階）
13103,"107  ",1076007,トウキョウト,ミナトク,アカサカアカサカアークヒルズ・アークモリビル(7カイ),東京都,港区,赤坂赤坂アークヒルズ・アーク森ビル（７階）
13103,"107  ",1076008,トウキョウト,ミナトク,アカサカアカサカアークヒルズ・アークモリビル(8カイ),東京都,港区,赤坂赤坂アークヒルズ・アーク森ビル（８階）
13103,"107  ",1076009,トウキョウト,ミナトク,アカサカアカサカアークヒルズ・アークモリビル(9カイ),東京都,港区,赤坂赤坂アークヒルズ・アーク森ビル（９階）
13103,"107  ",1076010,トウキョウト,ミナトク,アカサカアカサカアークヒルズ・アークモリビル(10カイ),東京都,港区,赤坂赤坂アークヒルズ・アーク森ビル（１０階）
13103,"107  ",1076011,トウキョウト,ミナトク,アカサカアカサカアークヒルズ・アークモリビル(11カイ),東京都,港区,赤坂赤坂アークヒルズ・アーク森ビル（１１階）
13103,"107  ",1076012,トウキョウト,ミナトク,アカサカアカサカアークヒルズ・アークモリビル(12カイ),東京都,港区,赤坂赤坂アークヒルズ・アーク森ビル（１２階）
13103,"107  ",1076013,トウキョウト,ミナトク,アカサカアカサカアークヒルズ・アークモリビル(13カイ),東京都,港区,赤坂赤坂アークヒルズ・アーク森ビル（１３階）
13103,"107  ",1076014,トウキョウト,ミナトク,アカサカアカサカアークヒルズ・アークモリビル(14カイ),東京都,港区,赤坂赤坂アークヒルズ・アーク森ビル（１４階）
13103,"107  ",1076015,トウキョウト,ミナトク,アカサカアカサカアークヒルズ・アークモリビル(15カイ),東京都,港区,赤坂赤坂アークヒルズ・アーク森ビル（１５階）
13103,"107  ",1076016,トウキョウト,ミナトク,アカサカアカサカアークヒルズ・アークモリビル(16カイ),東京都,港区,赤坂赤坂アークヒルズ・アーク森ビル（１６階）
13103,"107  ",1076017,トウキョウト,ミナトク,アカサカアカサカアークヒルズ・アークモリビル(17カイ),東京都,港区,赤坂赤坂アークヒルズ・アーク森ビル（１７階）
13103,"107  ",1076018,トウキョウト,ミナトク,アカサカアカサカアークヒルズ・アークモリビル(18カイ),東京都,港区,赤坂赤坂アークヒルズ・アーク森ビル（１８階）
13103,"107  ",1076019,トウキョウト,ミナトク,アカサカアカサカアークヒルズ・アークモリビル(19カイ),東京都,港区,赤坂赤坂アークヒルズ・アーク森ビル（１９階）
13103,"107  ",1076020,トウキョウト,ミナトク,アカサカアカサカアークヒルズ・アークモリビル(20カイ),東京都,港区,赤坂赤坂アークヒルズ・アーク森ビル（２０階）
13103,"107  ",1076021,トウキョウト,ミナトク,アカサカアカサカアークヒルズ・アークモリビル(21カイ),東京都,港区,赤坂赤坂アークヒルズ・アーク森ビル（２１階）
13103,"107  ",1076022,トウキョウト,ミナトク,アカサカアカサカアークヒルズ・アークモリビル(22カイ),東京都,港区,赤坂赤坂アークヒルズ・アーク森ビル（２２階）
13103,"107  ",1076023,トウキョウト,ミナトク,アカサカアカサカアークヒルズ・アークモリビル(23カイ),東京都,港区,赤坂赤坂アークヒルズ・アーク森ビル（２３階）
13103,"107  ",1076024,トウキョウト,ミナトク,アカサカアカサカアークヒルズ・アークモリビル(24カイ),東京都,港区,赤坂赤坂アークヒルズ・アーク森ビル（２４階）
13103,"107  ",1076025,トウキョウト,ミナトク,アカサカアカサカアークヒルズ・アークモリビル(25カイ),東京都,港区,赤坂赤坂アークヒルズ・アーク森ビル（２５階）
13103,"107  ",1076026,トウキョウト,ミナトク,アカサカアカサカアークヒルズ・アークモリビル(26カイ),東京都,港区,赤坂赤坂アークヒルズ・アーク森ビル（２６階）
13103,"107  ",1076027,トウキョウト,ミナトク,アカサカアカサカアークヒルズ・アークモリビル(27カイ),東京都,港区,赤坂赤坂アークヒルズ・アーク森ビル（２７階）
13103,"107  ",1076028,トウキョウト,ミナトク,アカサカアカサカアークヒルズ・アークモリビル(28カイ),東京都,港区,赤坂赤坂アークヒルズ・アーク森ビル（２８階）
13103,"107  ",1076029,トウキョウト,ミナトク,アカサカアカサカアークヒルズ・アークモリビル(29カイ),東京都,港区,赤坂赤坂アークヒルズ・アーク森ビル（２９階）
13103,"107  ",1076030,トウキョウト,ミナトク,アカサカアカサカアークヒルズ・アークモリビル(30カイ),東京都,港区,赤坂赤坂アークヒルズ・アーク森ビル（３０階）
13103,"107  ",1076031,トウキョウト,ミナトク,アカサカアカサカアークヒルズ・アークモリビル(31カイ),東京都,港区,赤坂赤坂アークヒルズ・アーク森ビル（３１階）
13103,"107  ",1076032,トウキョウト,ミナトク,アカサカアカサカアークヒルズ・アークモリビル(32カイ),東京都,港区,赤坂赤坂アークヒルズ・アーク森ビル（３２階）
13103,"107  ",1076033,トウキョウト,ミナトク,アカサカアカサカアークヒルズ・アークモリビル(33カイ),東京都,港区,赤坂赤坂アークヒルズ・アーク森ビル（３３階）
13103,"107  ",1076034,トウキョウト,ミナトク,アカサカアカサカアークヒルズ・アークモリビル(34カイ),東京都,港区,赤坂赤坂アークヒルズ・アーク森ビル（３４階）
13103,"107  ",1076035,トウキョウト,ミナトク,アカサカアカサカアークヒルズ・アークモリビル(35カイ),東京都,港区,赤坂赤坂アークヒルズ・アーク森ビル（３５階）
13103,"107  ",1076036,トウキョウト,ミナトク,アカサカアカサカアークヒルズ・アークモリビル(36カイ),東京都,港区,赤坂赤坂アークヒルズ・アーク森ビル（３６階）
13103,"107  ",1076037,トウキョウト,ミナトク,アカサカアカサカアークヒルズ・アークモリビル(37カイ),東京都,港区,赤坂赤坂アークヒルズ・アーク森ビル（３７階）
13103,"107  ",1076190,トウキョウト,ミナトク,アカサカアカサカパークビル(チカイ・カイソウフメイ),東京都,港区,赤坂赤坂パークビル（地階・階層不明）
13103,"107  ",1076101,トウキョウト,ミナトク,アカサカアカサカパークビル(1カイ),東京都,港区,赤坂赤坂パークビル（１階）
13103,"107  ",1076102,トウキョウト,ミナトク,アカサカアカサカパークビル(2カイ),東京都,港区,赤坂赤坂パークビル（２階）
13103,"107  ",1076103,トウキョウト,ミナトク,アカサカアカサカパークビル(3カイ),東京都,港区,赤坂赤坂パークビル（３階）
13103,"107  ",1076104,トウキョウト,ミナトク,アカサカアカサカパークビル(4カイ),東京都,港区,赤坂赤坂パークビル（４階）
13103,"107  ",1076105,トウキョウト,ミナトク,アカサカアカサカパークビル(5カイ),東京都,港区,赤坂赤坂パークビル（５階）
13103,"107  ",1076106,トウキョウト,ミナトク,アカサカアカサカパークビル(6カイ),東京都,港区,赤坂赤坂パークビル（６階）
13103,"107  ",1076107,トウキョウト,ミナトク,アカサカアカサカパークビル(7カイ),東京都,港区,赤坂赤坂パークビル（７階）
13103,"107  ",1076108,トウキョウト,ミナトク,アカサカアカサカパークビル(8カイ),東京都,港区,赤坂赤坂パークビル（８階）
13103,"107  ",1076109,トウキョウト,ミナトク,アカサカアカサカパークビル(9カイ),東京都,港区,赤坂赤坂パークビル（９階）
13103,"107  ",1076110,トウキョウト,ミナトク,アカサカアカサカパークビル(10カイ),東京都,港区,赤坂赤坂パークビル（１０階）
13103,"107  ",1076111,トウキョウト,ミナトク,アカサカアカサカパークビル(11カイ),東京都,港区,赤坂赤坂パークビル（１１階）
13103,"107  ",1076112,トウキョウト,ミナトク,アカサカアカサカパークビル(12カイ),東京都,港区,赤坂赤坂パークビル（１２階）
13103,"107  ",1076113,トウキョウト,ミナトク,アカサカアカサカパークビル(13カイ),東京都,港区,赤坂赤坂パークビル（１３階）
13103,"107  ",1076114,トウキョウト,ミナトク,アカサカアカサカパークビル(14カイ),東京都,港区,赤坂赤坂パークビル（１４階）
13103,"107  ",1076115,トウキョウト,ミナトク,アカサカアカサカパークビル(15カイ),東京都,港区,赤坂赤坂パークビル（１５階）
13103,"107  ",1076116,トウキョウト,ミナトク,アカサカアカサカパークビル(16カイ),東京都,港区,赤坂赤坂パークビル（１６階）
13103,"107  ",1076117,トウキョウト,ミナトク,アカサカアカサカパークビル(17カイ),東京都,港区,赤坂赤坂パークビル（１７階）
13103,"107  ",1076118,トウキョウト,ミナトク,アカサカアカサカパークビル(18カイ),東京都,港区,赤坂赤坂パークビル（１８階）
13103,"107  ",1076119,トウキョウト,ミナトク,アカサカアカサカパークビル(19カイ),東京都,港区,赤坂赤坂パークビル（１９階）
13103,"107  ",1076120,トウキョウト,ミナトク,アカサカアカサカパークビル(20カイ),東京都,港区,赤坂赤坂パークビル（２０階）
13103,"107  ",1076121,トウキョウト,ミナトク,アカサカアカサカパークビル(21カイ),東京都,港区,赤坂赤坂パークビル（２１階）
13103,"107  ",1076122,トウキョウト,ミナトク,アカサカアカサカパークビル(22カイ),東京都,港区,赤坂赤坂パークビル（２２階）
13103,"107  ",1076123,トウキョウト,ミナトク,アカサカアカサカパークビル(23カイ),東京都,港区,赤坂赤坂パークビル（２３階）
13103,"107  ",1076124,トウキョウト,ミナトク,アカサカアカサカパークビル(24カイ),東京都,港区,赤坂赤坂パークビル（２４階）
13103,"107  ",1076125,トウキョウト,ミナトク,アカサカアカサカパークビル(25カイ),東京都,港区,赤坂赤坂パークビル（２５階）
13103,"107  ",1076126,トウキョウト,ミナトク,アカサカアカサカパークビル(26カイ),東京都,港区,赤坂赤坂パークビル（２６階）
13103,"107  ",1076127,トウキョウト,ミナトク,アカサカアカサカパークビル(27カイ),東京都,港区,赤坂赤坂パークビル（２７階）
13103,"107  ",1076128,トウキョウト,ミナトク,アカサカアカサカパークビル(28カイ),東京都,港区,赤坂赤坂パークビル（２８階）
13103,"107  ",1076129,トウキョウト,ミナトク,アカサカアカサカパークビル(29カイ),東京都,港区,赤坂赤坂パークビル（２９階）
13103,"107  ",1076130,トウキョウト,ミナトク,アカサカアカサカパークビル(30カイ),東京都,港区,赤坂赤坂パークビル（３０階）
13103,"107  ",1076390,トウキョウト,ミナトク,アカサカアカサカビズタワー(チカイ・カイソウフメイ),東京都,港区,赤坂赤坂Ｂｉｚタワー（地階・階層不明）
13103,"107  ",1076301,トウキョウト,ミナトク,アカサカアカサカビズタワー(1カイ),東京都,港区,赤坂赤坂Ｂｉｚタワー（１階）
13103,"107  ",1076302,トウキョウト,ミナトク,アカサカアカサカビズタワー(2カイ),東京都,港区,赤坂赤坂Ｂｉｚタワー（２階）
13103,"107  ",1076303,トウキョウト,ミナトク,アカサカアカサカビズタワー(3カイ),東京都,港区,赤坂赤坂Ｂｉｚタワー（３階）
13103,"107  ",1076304,トウキョウト,ミナトク,アカサカアカサカビズタワー(4カイ),東京都,港区,赤坂赤坂Ｂｉｚタワー（４階）
13103,"107  ",1076305,トウキョウト,ミナトク,アカサカアカサカビズタワー(5カイ),東京都,港区,赤坂赤坂Ｂｉｚタワー（５階）
13103,"107  ",1076306,トウキョウト,ミナトク,アカサカアカサカビズタワー(6カイ),東京都,港区,赤坂赤坂Ｂｉｚタワー（６階）
13103,"107  ",1076307,トウキョウト,ミナトク,アカサカアカサカビズタワー(7カイ),東京都,港区,赤坂赤坂Ｂｉｚタワー（７階）
13103,"107  ",1076308,トウキョウト,ミナトク,アカサカアカサカビズタワー(8カイ),東京都,港区,赤坂赤坂Ｂｉｚタワー（８階）
13103,"107  ",1076309,トウキョウト,ミナトク,アカサカアカサカビズタワー(9カイ),東京都,港区,赤坂赤坂Ｂｉｚタワー（９階）
13103,"107  ",1076310,トウキョウト,ミナトク,アカサカアカサカビズタワー(10カイ),東京都,港区,赤坂赤坂Ｂｉｚタワー（１０階）
13103,"107  ",1076311,トウキョウト,ミナトク,アカサカアカサカビズタワー(11カイ),東京都,港区,赤坂赤坂Ｂｉｚタワー（１１階）
13103,"107  ",1076312,トウキョウト,ミナトク,アカサカアカサカビズタワー(12カイ),東京都,港区,赤坂赤坂Ｂｉｚタワー（１２階）
13103,"107  ",1076313,トウキョウト,ミナトク,アカサカアカサカビズタワー(13カイ),東京都,港区,赤坂赤坂Ｂｉｚタワー（１３階）
13103,"107  ",1076314,トウキョウト,ミナトク,アカサカアカサカビズタワー(14カイ),東京都,港区,赤坂赤坂Ｂｉｚタワー（１４階）
13103,"107  ",1076315,トウキョウト,ミナトク,アカサカアカサカビズタワー(15カイ),東京都,港区,赤坂赤坂Ｂｉｚタワー（１５階）
13103,"107  ",1076316,トウキョウト,ミナトク,アカサカアカサカビズタワー(16カイ),東京都,港区,赤坂赤坂Ｂｉｚタワー（１６階）
13103,"107  ",1076317,トウキョウト,ミナトク,アカサカアカサカビズタワー(17カイ),東京都,港区,赤坂赤坂Ｂｉｚタワー（１７階）
13103,"107  ",1076318,トウキョウト,ミナトク,アカサカアカサカビズタワー(18カイ),東京都,港区,赤坂赤坂Ｂｉｚタワー（１８階）
13103,"107  ",1076319,トウキョウト,ミナトク,アカサカアカサカビズタワー(19カイ),東京都,港区,赤坂赤坂Ｂｉｚタワー（１９階）
13103,"107  ",1076320,トウキョウト,ミナトク,アカサカアカサカビズタワー(20カイ),東京都,港区,赤坂赤坂Ｂｉｚタワー（２０階）
13103,"107  ",1076321,トウキョウト,ミナトク,アカサカアカサカビズタワー(21カイ),東京都,港区,赤坂赤坂Ｂｉｚタワー（２１階）
13103,"107  ",1076322,トウキョウト,ミナトク,アカサカアカサカビズタワー(22カイ),東京都,港区,赤坂赤坂Ｂｉｚタワー（２２階）
13103,"107  ",1076323,トウキョウト,ミナトク,アカサカアカサカビズタワー(23カイ),東京都,港区,赤坂赤坂Ｂｉｚタワー（２３階）
13103,"107  ",1076324,トウキョウト,ミナトク,アカサカアカサカビズタワー(24カイ),東京都,港区,赤坂赤坂Ｂｉｚタワー（２４階）
13103,"107  ",1076325,トウキョウト,ミナトク,アカサカアカサカビズタワー(25カイ),東京都,港区,赤坂赤坂Ｂｉｚタワー（２５階）
13103,"107  ",1076326,トウキョウト,ミナトク,アカサカアカサカビズタワー(26カイ),東京都,港区,赤坂赤坂Ｂｉｚタワー（２６階）
13103,"107  ",1076327,トウキョウト,ミナトク,アカサカアカサカビズタワー(27カイ),東京都,港区,赤坂赤坂Ｂｉｚタワー（２７階）
13103,"107  ",1076328,トウキョウト,ミナトク,アカサカアカサカビズタワー(28カイ),東京都,港区,赤坂赤坂Ｂｉｚタワー（２８階）
13103,"107  ",1076329,トウキョウト,ミナトク,アカサカアカサカビズタワー(29カイ),東京都,港区,赤坂赤坂Ｂｉｚタワー（２９階）
13103,"107  ",1076330,トウキョウト,ミナトク,アカサカアカサカビズタワー(30カイ),東京都,港区,赤坂赤坂Ｂｉｚタワー（３０階）
13103,"107  ",1076331,トウキョウト,ミナトク,アカサカアカサカビズタワー(31カイ),東京都,港区,赤坂赤坂Ｂｉｚタワー（３１階）
13103,"107  ",1076332,トウキョウト,ミナトク,アカサカアカサカビズタワー(32カイ),東京都,港区,赤坂赤坂Ｂｉｚタワー（３２階）
13103,"107  ",1076333,トウキョウト,ミナトク,アカサカアカサカビズタワー(33カイ),東京都,港区,赤坂赤坂Ｂｉｚタワー（３３階）
13103,"107  ",1076334,トウキョウト,ミナトク,アカサカアカサカビズタワー(34カイ),東京都,港区,赤坂赤坂Ｂｉｚタワー（３４階）
13103,"107  ",1076335,トウキョウト,ミナトク,アカサカアカサカビズタワー(35カイ),東京都,港区,赤坂赤坂Ｂｉｚタワー（３５階）
13103,"107  ",1076336,トウキョウト,ミナトク,アカサカアカサカビズタワー(36カイ),東京都,港区,赤坂赤坂Ｂｉｚタワー（３６階）
13103,"107  ",1076337,トウキョウト,ミナトク,アカサカアカサカビズタワー(37カイ),東京都,港区,赤坂赤坂Ｂｉｚタワー（３７階）
13103,"107  ",1076338,トウキョウト,ミナトク,アカサカアカサカビズタワー(38カイ),東京都,港区,赤坂赤坂Ｂｉｚタワー（３８階）
13103,"107  ",1076339,トウキョウト,ミナトク,アカサカアカサカビズタワー(39カイ),東京都,港区,赤坂赤坂Ｂｉｚタワー（３９階）
13103,"107  ",1076290,トウキョウト,ミナトク,アカサカミッドタウン・タワー(チカイ・カイソウフメイ),東京都,港区,赤坂ミッドタウン・タワー（地階・階層不明）
13103,"107  ",1076201,トウキョウト,ミナトク,アカサカミッドタウン・タワー(1カイ),東京都,港区,赤坂ミッドタウン・タワー（１階）
13103,"107  ",1076202,トウキョウト,ミナトク,アカサカミッドタウン・タワー(2カイ),東京都,港区,赤坂ミッドタウン・タワー（２階）
13103,"107  ",1076203,トウキョウト,ミナトク,アカサカミッドタウン・タワー(3カイ),東京都,港区,赤坂ミッドタウン・タワー（３階）
13103,"107  ",1076204,トウキョウト,ミナトク,アカサカミッドタウン・タワー(4カイ),東京都,港区,赤坂ミッドタウン・タワー（４階）
13103,"107  ",1076205,トウキョウト,ミナトク,アカサカミッドタウン・タワー(5カイ),東京都,港区,赤坂ミッドタウン・タワー（５階）
13103,"107  ",1076206,トウキョウト,ミナトク,アカサカミッドタウン・タワー(6カイ),東京都,港区,赤坂ミッドタウン・タワー（６階）
13103,"107  ",1076207,トウキョウト,ミナトク,アカサカミッドタウン・タワー(7カイ),東京都,港区,赤坂ミッドタウン・タワー（７階）
13103,"107  ",1076208,トウキョウト,ミナトク,アカサカミッドタウン・タワー(8カイ),東京都,港区,赤坂ミッドタウン・タワー（８階）
13103,"107  ",1076209,トウキョウト,ミナトク,アカサカミッドタウン・タワー(9カイ),東京都,港区,赤坂ミッドタウン・タワー（９階）
13103,"107  ",1076210,トウキョウト,ミナトク,アカサカミッドタウン・タワー(10カイ),東京都,港区,赤坂ミッドタウン・タワー（１０階）
13103,"107  ",1076211,トウキョウト,ミナトク,アカサカミッドタウン・タワー(11カイ),東京都,港区,赤坂ミッドタウン・タワー（１１階）
13103,"107  ",1076212,トウキョウト,ミナトク,アカサカミッドタウン・タワー(12カイ),東京都,港区,赤坂ミッドタウン・タワー（１２階）
13103,"107  ",1076213,トウキョウト,ミナトク,アカサカミッドタウン・タワー(13カイ),東京都,港区,赤坂ミッドタウン・タワー（１３階）
13103,"107  ",1076214,トウキョウト,ミナトク,アカサカミッドタウン・タワー(14カイ),東京都,港区,赤坂ミッドタウン・タワー（１４階）
13103,"107  ",1076215,トウキョウト,ミナトク,アカサカミッドタウン・タワー(15カイ),東京都,港区,赤坂ミッドタウン・タワー（１５階）
13103,"107  ",1076216,トウキョウト,ミナトク,アカサカミッドタウン・タワー(16カイ),東京都,港区,赤坂ミッドタウン・タワー（１６階）
13103,"107  ",1076217,トウキョウト,ミナトク,アカサカミッドタウン・タワー(17カイ),東京都,港区,赤坂ミッドタウン・タワー（１７階）
13103,"107  ",1076218,トウキョウト,ミナトク,アカサカミッドタウン・タワー(18カイ),東京都,港区,赤坂ミッドタウン・タワー（１８階）
13103,"107  ",1076219,トウキョウト,ミナトク,アカサカミッドタウン・タワー(19カイ),東京都,港区,赤坂ミッドタウン・タワー（１９階）
13103,"107  ",1076220,トウキョウト,ミナトク,アカサカミッドタウン・タワー(20カイ),東京都,港区,赤坂ミッドタウン・タワー（２０階）
13103,"107  ",1076221,トウキョウト,ミナトク,アカサカミッドタウン・タワー(21カイ),東京都,港区,赤坂ミッドタウン・タワー（２１階）
13103,"107  ",1076222,トウキョウト,ミナトク,アカサカミッドタウン・タワー(22カイ),東京都,港区,赤坂ミッドタウン・タワー（２２階）
13103,"107  ",1076223,トウキョウト,ミナトク,アカサカミッドタウン・タワー(23カイ),東京都,港区,赤坂ミッドタウン・タワー（２３階）
13103,"107  ",1076224,トウキョウト,ミナトク,アカサカミッドタウン・タワー(24カイ),東京都,港区,赤坂ミッドタウン・タワー（２４階）
13103,"107  ",1076225,トウキョウト,ミナトク,アカサカミッドタウン・タワー(25カイ),東京都,港区,赤坂ミッドタウン・タワー（２５階）
13103,"107  ",1076226,トウキョウト,ミナトク,アカサカミッドタウン・タワー(26カイ),東京都,港区,赤坂ミッドタウン・タワー（２６階）
13103,"107  ",1076227,トウキョウト,ミナトク,アカサカミッドタウン・タワー(27カイ),東京都,港区,赤坂ミッドタウン・タワー（２７階）
13103,"107  ",1076228,トウキョウト,ミナトク,アカサカミッドタウン・タワー(28カイ),東京都,港区,赤坂ミッドタウン・タワー（２８階）
13103,"107  ",1076229,トウキョウト,ミナトク,アカサカミッドタウン・タワー(29カイ),東京都,港区,赤坂ミッドタウン・タワー（２９階）
13103,"107  ",1076230,トウキョウト,ミナトク,アカサカミッドタウン・タワー(30カイ),東京都,港区,赤坂ミッドタウン・タワー（３０階）
13103,"107  ",1076231,トウキョウト,ミナトク,アカサカミッドタウン・タワー(31カイ),東京都,港区,赤坂ミッドタウン・タワー（３１階）
13103,"107  ",1076232,トウキョウト,ミナトク,アカサカミッドタウン・タワー(32カイ),東京都,港区,赤坂ミッドタウン・タワー（３２階）
13103,"107  ",1076233,トウキョウト,ミナトク,アカサカミッドタウン・タワー(33カイ),東京都,港区,赤坂ミッドタウン・タワー（３３階）
13103,"107  ",1076234,トウキョウト,ミナトク,アカサカミッドタウン・タワー(34カイ),東京都,港区,赤坂ミッドタウン・タワー（３４階）
13103,"107  ",1076235,トウキョウト,ミナトク,アカサカミッドタウン・タワー(35カイ),東京都,港区,赤坂ミッドタウン・タワー（３５階）
13103,"107  ",1076236,トウキョウト,ミナトク,アカサカミッドタウン・タワー(36カイ),東京都,港区,赤坂ミッドタウン・タワー（３６階）
13103,"107  ",1076237,トウキョウト,ミナトク,アカサカミッドタウン・タワー(37カイ),東京都,港区,赤坂ミッドタウン・タワー（３７階）
13103,"107  ",1076238,トウキョウト,ミナトク,アカサカミッドタウン・タワー(38カイ),東京都,港区,赤坂ミッドタウン・タワー（３８階）
13103,"107  ",1076239,トウキョウト,ミナトク,アカサカミッドタウン・タワー(39カイ),東京都,港区,赤坂ミッドタウン・タワー（３９階）
13103,"107  ",1076240,トウキョウト,ミナトク,アカサカミッドタウン・タワー(40カイ),東京都,港区,赤坂ミッドタウン・タワー（４０階）
13103,"107  ",1076241,トウキョウト,ミナトク,アカサカミッドタウン・タワー(41カイ),東京都,港区,赤坂ミッドタウン・タワー（４１階）
13103,"107  ",1076242,トウキョウト,ミナトク,アカサカミッドタウン・タワー(42カイ),東京都,港区,赤坂ミッドタウン・タワー（４２階）
13103,"107  ",1076243,トウキョウト,ミナトク,アカサカミッドタウン・タワー(43カイ),東京都,港区,赤坂ミッドタウン・タワー（４３階）
13103,"107  ",1076244,トウキョウト,ミナトク,アカサカミッドタウン・タワー(44カイ),東京都,港区,赤坂ミッドタウン・タワー（４４階）
13103,"107  ",1076245,トウキョウト,ミナトク,アカサカミッドタウン・タワー(45カイ),東京都,港区,赤坂ミッドタウン・タワー（４５階）
13103,"106  ",1060045,トウキョウト,ミナトク,アザブジュウバン,東京都,港区,麻布十番
13103,"106  ",1060041,トウキョウト,ミナトク,アザブダイ,東京都,港区,麻布台
13103,"106  ",1060043,トウキョウト,ミナトク,アザブナガサカチョウ,東京都,港区,麻布永坂町
13103,"106  ",1060042,トウキョウト,ミナトク,アザブマミアナチョウ,東京都,港区,麻布狸穴町
13103,"105  ",1050002,トウキョウト,ミナトク,アタゴ(ツギノビルヲノゾク),東京都,港区,愛宕（次のビルを除く）
13103,"105  ",1056290,トウキョウト,ミナトク,アタゴアタゴグリーンヒルズモリタワー(チカイ・カイソウフメイ),東京都,港区,愛宕愛宕グリーンヒルズＭＯＲＩタワー（地階・階層不明）
13103,"105  ",1056201,トウキョウト,ミナトク,アタゴアタゴグリーンヒルズモリタワー(1カイ),東京都,港区,愛宕愛宕グリーンヒルズＭＯＲＩタワー（１階）
13103,"105  ",1056202,トウキョウト,ミナトク,アタゴアタゴグリーンヒルズモリタワー(2カイ),東京都,港区,愛宕愛宕グリーンヒルズＭＯＲＩタワー（２階）
13103,"105  ",1056203,トウキョウト,ミナトク,アタゴアタゴグリーンヒルズモリタワー(3カイ),東京都,港区,愛宕愛宕グリーンヒルズＭＯＲＩタワー（３階）
13103,"105  ",1056204,トウキョウト,ミナトク,アタゴアタゴグリーンヒルズモリタワー(4カイ),東京都,港区,愛宕愛宕グリーンヒルズＭＯＲＩタワー（４階）
13103,"105  ",1056205,トウキョウト,ミナトク,アタゴアタゴグリーンヒルズモリタワー(5カイ),東京都,港区,愛宕愛宕グリーンヒルズＭＯＲＩタワー（５階）
13103,"105  ",1056206,トウキョウト,ミナトク,アタゴアタゴグリーンヒルズモリタワー(6カイ),東京都,港区,愛宕愛宕グリーンヒルズＭＯＲＩタワー（６階）
13103,"105  ",1056207,トウキョウト,ミナトク,アタゴアタゴグリーンヒルズモリタワー(7カイ),東京都,港区,愛宕愛宕グリーンヒルズＭＯＲＩタワー（７階）
13103,"105  ",1056208,トウキョウト,ミナトク,アタゴアタゴグリーンヒルズモリタワー(8カイ),東京都,港区,愛宕愛宕グリーンヒルズＭＯＲＩタワー（８階）
13103,"105  ",1056209,トウキョウト,ミナトク,アタゴアタゴグリーンヒルズモリタワー(9カイ),東京都,港区,愛宕愛宕グリーンヒルズＭＯＲＩタワー（９階）
13103,"105  ",1056210,トウキョウト,ミナトク,アタゴアタゴグリーンヒルズモリタワー(10カイ),東京都,港区,愛宕愛宕グリーンヒルズＭＯＲＩタワー（１０階）
13103,"105  ",1056211,トウキョウト,ミナトク,アタゴアタゴグリーンヒルズモリタワー(11カイ),東京都,港区,愛宕愛宕グリーンヒルズＭＯＲＩタワー（１１階）
13103,"105  ",1056212,トウキョウト,ミナトク,アタゴアタゴグリーンヒルズモリタワー(12カイ),東京都,港区,愛宕愛宕グリーンヒルズＭＯＲＩタワー（１２階）
13103,"105  ",1056213,トウキョウト,ミナトク,アタゴアタゴグリーンヒルズモリタワー(13カイ),東京都,港区,愛宕愛宕グリーンヒルズＭＯＲＩタワー（１３階）
13103,"105  ",1056214,トウキョウト,ミナトク,アタゴアタゴグリーンヒルズモリタワー(14カイ),東京都,港区,愛宕愛宕グリーンヒルズＭＯＲＩタワー（１４階）
13103,"105  ",1056215,トウキョウト,ミナトク,アタゴアタゴグリーンヒルズモリタワー(15カイ),東京都,港区,愛宕愛宕グリーンヒルズＭＯＲＩタワー（１５階）
13103,"105  ",1056216,トウキョウト,ミナトク,アタゴアタゴグリーンヒルズモリタワー(16カイ),東京都,港区,愛宕愛宕グリーンヒルズＭＯＲＩタワー（１６階）
13103,"105  ",1056217,トウキョウト,ミナトク,アタゴアタゴグリーンヒルズモリタワー(17カイ),東京都,港区,愛宕愛宕グリーンヒルズＭＯＲＩタワー（１７階）
13103,"105  ",1056218,トウキョウト,ミナトク,アタゴアタゴグリーンヒルズモリタワー(18カイ),東京都,港区,愛宕愛宕グリーンヒルズＭＯＲＩタワー（１８階）
13103,"105  ",1056219,トウキョウト,ミナトク,アタゴアタゴグリーンヒルズモリタワー(19カイ),東京都,港区,愛宕愛宕グリーンヒルズＭＯＲＩタワー（１９階）
13103,"105  ",1056220,トウキョウト,ミナトク,アタゴアタゴグリーンヒルズモリタワー(20カイ),東京都,港区,愛宕愛宕グリーンヒルズＭＯＲＩタワー（２０階）
13103,"105  ",1056221,トウキョウト,ミナトク,アタゴアタゴグリーンヒルズモリタワー(21カイ),東京都,港区,愛宕愛宕グリーンヒルズＭＯＲＩタワー（２１階）
13103,"105  ",1056222,トウキョウト,ミナトク,アタゴアタゴグリーンヒルズモリタワー(22カイ),東京都,港区,愛宕愛宕グリーンヒルズＭＯＲＩタワー（２２階）
13103,"105  ",1056223,トウキョウト,ミナトク,アタゴアタゴグリーンヒルズモリタワー(23カイ),東京都,港区,愛宕愛宕グリーンヒルズＭＯＲＩタワー（２３階）
13103,"105  ",1056224,トウキョウト,ミナトク,アタゴアタゴグリーンヒルズモリタワー(24カイ),東京都,港区,愛宕愛宕グリーンヒルズＭＯＲＩタワー（２４階）
13103,"105  ",1056225,トウキョウト,ミナトク,アタゴアタゴグリーンヒルズモリタワー(25カイ),東京都,港区,愛宕愛宕グリーンヒルズＭＯＲＩタワー（２５階）
13103,"105  ",1056226,トウキョウト,ミナトク,アタゴアタゴグリーンヒルズモリタワー(26カイ),東京都,港区,愛宕愛宕グリーンヒルズＭＯＲＩタワー（２６階）
13103,"105  ",1056227,トウキョウト,ミナトク,アタゴアタゴグリーンヒルズモリタワー(27カイ),東京都,港区,愛宕愛宕グリーンヒルズＭＯＲＩタワー（２７階）
13103,"105  ",1056228,トウキョウト,ミナトク,アタゴアタゴグリーンヒルズモリタワー(28カイ),東京都,港区,愛宕愛宕グリーンヒルズＭＯＲＩタワー（２８階）
13103,"105  ",1056229,トウキョウト,ミナトク,アタゴアタゴグリーンヒルズモリタワー(29カイ),東京都,港区,愛宕愛宕グリーンヒルズＭＯＲＩタワー（２９階）
13103,"105  ",1056230,トウキョウト,ミナトク,アタゴアタゴグリーンヒルズモリタワー(30カイ),東京都,港区,愛宕愛宕グリーンヒルズＭＯＲＩタワー（３０階）
13103,"105  ",1056231,トウキョウト,ミナトク,アタゴアタゴグリーンヒルズモリタワー(31カイ),東京都,港区,愛宕愛宕グリーンヒルズＭＯＲＩタワー（３１階）
13103,"105  ",1056232,トウキョウト,ミナトク,アタゴアタゴグリーンヒルズモリタワー(32カイ),東京都,港区,愛宕愛宕グリーンヒルズＭＯＲＩタワー（３２階）
13103,"105  ",1056233,トウキョウト,ミナトク,アタゴアタゴグリーンヒルズモリタワー(33カイ),東京都,港区,愛宕愛宕グリーンヒルズＭＯＲＩタワー（３３階）
13103,"105  ",1056234,トウキョウト,ミナトク,アタゴアタゴグリーンヒルズモリタワー(34カイ),東京都,港区,愛宕愛宕グリーンヒルズＭＯＲＩタワー（３４階）
13103,"105  ",1056235,トウキョウト,ミナトク,アタゴアタゴグリーンヒルズモリタワー(35カイ),東京都,港区,愛宕愛宕グリーンヒルズＭＯＲＩタワー（３５階）
13103,"105  ",1056236,トウキョウト,ミナトク,アタゴアタゴグリーンヒルズモリタワー(36カイ),東京都,港区,愛宕愛宕グリーンヒルズＭＯＲＩタワー（３６階）
13103,"105  ",1056237,トウキョウト,ミナトク,アタゴアタゴグリーンヒルズモリタワー(37カイ),東京都,港区,愛宕愛宕グリーンヒルズＭＯＲＩタワー（３７階）
13103,"105  ",1056238,トウキョウト,ミナトク,アタゴアタゴグリーンヒルズモリタワー(38カイ),東京都,港区,愛宕愛宕グリーンヒルズＭＯＲＩタワー（３８階）
13103,"105  ",1056239,トウキョウト,ミナトク,アタゴアタゴグリーンヒルズモリタワー(39カイ),東京都,港区,愛宕愛宕グリーンヒルズＭＯＲＩタワー（３９階）
13103,"105  ",1056240,トウキョウト,ミナトク,アタゴアタゴグリーンヒルズモリタワー(40カイ),東京都,港区,愛宕愛宕グリーンヒルズＭＯＲＩタワー（４０階）
13103,"105  ",1056241,トウキョウト,ミナトク,アタゴアタゴグリーンヒルズモリタワー(41カイ),東京都,港区,愛宕愛宕グリーンヒルズＭＯＲＩタワー（４１階）
13103,"105  ",1056242,トウキョウト,ミナトク,アタゴアタゴグリーンヒルズモリタワー(42カイ),東京都,港区,愛宕愛宕グリーンヒルズＭＯＲＩタワー（４２階）
13103,"105  ",1050022,トウキョウト,ミナトク,カイガン(1、2チョウメ),東京都,港区,海岸（１、２丁目）
13103,"108  ",1080022,トウキョウト,ミナトク,カイガン(3チョウメ),東京都,港区,海岸（３丁目）
13103,"107  ",1070061,トウキョウト,ミナトク,キタアオヤマ,東京都,港区,北青山
13103,"108  ",1080075,トウキョウト,ミナトク,コウナン(ツギノビルヲノゾク),東京都,港区,港南（次のビルを除く）
13103,"108  ",1086090,トウキョウト,ミナトク,コウナンシナガワインターシティAトウ(チカイ・カイソウフメイ),東京都,港区,港南品川インターシティＡ棟（地階・階層不明）
13103,"108  ",1086001,トウキョウト,ミナトク,コウナンシナガワインターシティAトウ(1カイ),東京都,港区,港南品川インターシティＡ棟（１階）
13103,"108  ",1086002,トウキョウト,ミナトク,コウナンシナガワインターシティAトウ(2カイ),東京都,港区,港南品川インターシティＡ棟（２階）
13103,"108  ",1086003,トウキョウト,ミナトク,コウナンシナガワインターシティAトウ(3カイ),東京都,港区,港南品川インターシティＡ棟（３階）
13103,"108  ",1086004,トウキョウト,ミナトク,コウナンシナガワインターシティAトウ(4カイ),東京都,港区,港南品川インターシティＡ棟（４階）
13103,"108  ",1086005,トウキョウト,ミナトク,コウナンシナガワインターシティAトウ(5カイ),東京都,港区,港南品川インターシティＡ棟（５階）
13103,"108  ",1086006,トウキョウト,ミナトク,コウナンシナガワインターシティAトウ(6カイ),東京都,港区,港南品川インターシティＡ棟（６階）
13103,"108  ",1086007,トウキョウト,ミナトク,コウナンシナガワインターシティAトウ(7カイ),東京都,港区,港南品川インターシティＡ棟（７階）
13103,"108  ",1086008,トウキョウト,ミナトク,コウナンシナガワインターシティAトウ(8カイ),東京都,港区,港南品川インターシティＡ棟（８階）
13103,"108  ",1086009,トウキョウト,ミナトク,コウナンシナガワインターシティAトウ(9カイ),東京都,港区,港南品川インターシティＡ棟（９階）
13103,"108  ",1086010,トウキョウト,ミナトク,コウナンシナガワインターシティAトウ(10カイ),東京都,港区,港南品川インターシティＡ棟（１０階）
13103,"108  ",1086011,トウキョウト,ミナトク,コウナンシナガワインターシティAトウ(11カイ),東京都,港区,港南品川インターシティＡ棟（１１階）
13103,"108  ",1086012,トウキョウト,ミナトク,コウナンシナガワインターシティAトウ(12カイ),東京都,港区,港南品川インターシティＡ棟（１２階）
13103,"108  ",1086013,トウキョウト,ミナトク,コウナンシナガワインターシティAトウ(13カイ),東京都,港区,港南品川インターシティＡ棟（１３階）
13103,"108  ",1086014,トウキョウト,ミナトク,コウナンシナガワインターシティAトウ(14カイ),東京都,港区,港南品川インターシティＡ棟（１４階）
13103,"108  ",1086015,トウキョウト,ミナトク,コウナンシナガワインターシティAトウ(15カイ),東京都,港区,港南品川インターシティＡ棟（１５階）
13103,"108  ",1086016,トウキョウト,ミナトク,コウナンシナガワインターシティAトウ(16カイ),東京都,港区,港南品川インターシティＡ棟（１６階）
13103,"108  ",1086017,トウキョウト,ミナトク,コウナンシナガワインターシティAトウ(17カイ),東京都,港区,港南品川インターシティＡ棟（１７階）
13103,"108  ",1086018,トウキョウト,ミナトク,コウナンシナガワインターシティAトウ(18カイ),東京都,港区,港南品川インターシティＡ棟（１８階）
13103,"108  ",1086019,トウキョウト,ミナトク,コウナンシナガワインターシティAトウ(19カイ),東京都,港区,港南品川インターシティＡ棟（１９階）
13103,"108  ",1086020,トウキョウト,ミナトク,コウナンシナガワインターシティAトウ(20カイ),東京都,港区,港南品川インターシティＡ棟（２０階）
13103,"108  ",1086021,トウキョウト,ミナトク,コウナンシナガワインターシティAトウ(21カイ),東京都,港区,港南品川インターシティＡ棟（２１階）
13103,"108  ",1086022,トウキョウト,ミナトク,コウナンシナガワインターシティAトウ(22カイ),東京都,港区,港南品川インターシティＡ棟（２２階）
13103,"108  ",1086023,トウキョウト,ミナトク,コウナンシナガワインターシティAトウ(23カイ),東京都,港区,港南品川インターシティＡ棟（２３階）
13103,"108  ",1086024,トウキョウト,ミナトク,コウナンシナガワインターシティAトウ(24カイ),東京都,港区,港南品川インターシティＡ棟（２４階）
13103,"108  ",1086025,トウキョウト,ミナトク,コウナンシナガワインターシティAトウ(25カイ),東京都,港区,港南品川インターシティＡ棟（２５階）
13103,"108  ",1086026,トウキョウト,ミナトク,コウナンシナガワインターシティAトウ(26カイ),東京都,港区,港南品川インターシティＡ棟（２６階）
13103,"108  ",1086027,トウキョウト,ミナトク,コウナンシナガワインターシティAトウ(27カイ),東京都,港区,港南品川インターシティＡ棟（２７階）
13103,"108  ",1086028,トウキョウト,ミナトク,コウナンシナガワインターシティAトウ(28カイ),東京都,港区,港南品川インターシティＡ棟（２８階）
13103,"108  ",1086029,トウキョウト,ミナトク,コウナンシナガワインターシティAトウ(29カイ),東京都,港区,港南品川インターシティＡ棟（２９階）
13103,"108  ",1086030,トウキョウト,ミナトク,コウナンシナガワインターシティAトウ(30カイ),東京都,港区,港南品川インターシティＡ棟（３０階）
13103,"108  ",1086031,トウキョウト,ミナトク,コウナンシナガワインターシティAトウ(31カイ),東京都,港区,港南品川インターシティＡ棟（３１階）
13103,"108  ",1086032,トウキョウト,ミナトク,コウナンシナガワインターシティAトウ(32カイ),東京都,港区,港南品川インターシティＡ棟（３２階）
13103,"108  ",1086190,トウキョウト,ミナトク,コウナンシナガワインターシティBトウ(チカイ・カイソウフメイ),東京都,港区,港南品川インターシティＢ棟（地階・階層不明）
13103,"108  ",1086101,トウキョウト,ミナトク,コウナンシナガワインターシティBトウ(1カイ),東京都,港区,港南品川インターシティＢ棟（１階）
13103,"108  ",1086102,トウキョウト,ミナトク,コウナンシナガワインターシティBトウ(2カイ),東京都,港区,港南品川インターシティＢ棟（２階）
13103,"108  ",1086103,トウキョウト,ミナトク,コウナンシナガワインターシティBトウ(3カイ),東京都,港区,港南品川インターシティＢ棟（３階）
13103,"108  ",1086104,トウキョウト,ミナトク,コウナンシナガワインターシティBトウ(4カイ),東京都,港区,港南品川インターシティＢ棟（４階）
13103,"108  ",1086105,トウキョウト,ミナトク,コウナンシナガワインターシティBトウ(5カイ),東京都,港区,港南品川インターシティＢ棟（５階）
13103,"108  ",1086106,トウキョウト,ミナトク,コウナンシナガワインターシティBトウ(6カイ),東京都,港区,港南品川インターシティＢ棟（６階）
13103,"108  ",1086107,トウキョウト,ミナトク,コウナンシナガワインターシティBトウ(7カイ),東京都,港区,港南品川インターシティＢ棟（７階）
13103,"108  ",1086108,トウキョウト,ミナトク,コウナンシナガワインターシティBトウ(8カイ),東京都,港区,港南品川インターシティＢ棟（８階）
13103,"108  ",1086109,トウキョウト,ミナトク,コウナンシナガワインターシティBトウ(9カイ),東京都,港区,港南品川インターシティＢ棟（９階）
13103,"108  ",1086110,トウキョウト,ミナトク,コウナンシナガワインターシティBトウ(10カイ),東京都,港区,港南品川インターシティＢ棟（１０階）
13103,"108  ",1086111,トウキョウト,ミナトク,コウナンシナガワインターシティBトウ(11カイ),東京都,港区,港南品川インターシティＢ棟（１１階）
13103,"108  ",1086112,トウキョウト,ミナトク,コウナンシナガワインターシティBトウ(12カイ),東京都,港区,港南品川インターシティＢ棟（１２階）
13103,"108  ",1086113,トウキョウト,ミナトク,コウナンシナガワインターシティBトウ(13カイ),東京都,港区,港南品川インターシティＢ棟（１３階）
13103,"108  ",1086114,トウキョウト,ミナトク,コウナンシナガワインターシティBトウ(14カイ),東京都,港区,港南品川インターシティＢ棟（１４階）
13103,"108  ",1086115,トウキョウト,ミナトク,コウナンシナガワインターシティBトウ(15カイ),東京都,港区,港南品川インターシティＢ棟（１５階）
13103,"108  ",1086116,トウキョウト,ミナトク,コウナンシナガワインターシティBトウ(16カイ),東京都,港区,港南品川インターシティＢ棟（１６階）
13103,"108  ",1086117,トウキョウト,ミナトク,コウナンシナガワインターシティBトウ(17カイ),東京都,港区,港南品川インターシティＢ棟（１７階）
13103,"108  ",1086118,トウキョウト,ミナトク,コウナンシナガワインターシティBトウ(18カイ),東京都,港区,港南品川インターシティＢ棟（１８階）
13103,"108  ",1086119,トウキョウト,ミナトク,コウナンシナガワインターシティBトウ(19カイ),東京都,港区,港南品川インターシティＢ棟（１９階）
13103,"108  ",1086120,トウキョウト,ミナトク,コウナンシナガワインターシティBトウ(20カイ),東京都,港区,港南品川インターシティＢ棟（２０階）
13103,"108  ",1086121,トウキョウト,ミナトク,コウナンシナガワインターシティBトウ(21カイ),東京都,港区,港南品川インターシティＢ棟（２１階）
13103,"108  ",1086122,トウキョウト,ミナトク,コウナンシナガワインターシティBトウ(22カイ),東京都,港区,港南品川インターシティＢ棟（２２階）
13103,"108  ",1086123,トウキョウト,ミナトク,コウナンシナガワインターシティBトウ(23カイ),東京都,港区,港南品川インターシティＢ棟（２３階）
13103,"108  ",1086124,トウキョウト,ミナトク,コウナンシナガワインターシティBトウ(24カイ),東京都,港区,港南品川インターシティＢ棟（２４階）
13103,"108  ",1086125,トウキョウト,ミナトク,コウナンシナガワインターシティBトウ(25カイ),東京都,港区,港南品川インターシティＢ棟（２５階）
13103,"108  ",1086126,トウキョウト,ミナトク,コウナンシナガワインターシティBトウ(26カイ),東京都,港区,港南品川インターシティＢ棟（２６階）
13103,"108  ",1086127,トウキョウト,ミナトク,コウナンシナガワインターシティBトウ(27カイ),東京都,港区,港南品川インターシティＢ棟（２７階）
13103,"108  ",1086128,トウキョウト,ミナトク,コウナンシナガワインターシティBトウ(28カイ),東京都,港区,港南品川インターシティＢ棟（２８階）
13103,"108  ",1086129,トウキョウト,ミナトク,コウナンシナガワインターシティBトウ(29カイ),東京都,港区,港南品川インターシティＢ棟（２９階）
13103,"108  ",1086130,トウキョウト,ミナトク,コウナンシナガワインターシティBトウ(30カイ),東京都,港区,港南品川インターシティＢ棟（３０階）
13103,"108  ",1086131,トウキョウト,ミナトク,コウナンシナガワインターシティBトウ(31カイ),東京都,港区,港南品川インターシティＢ棟（３１階）
13103,"108  ",1086290,トウキョウト,ミナトク,コウナンシナガワインターシティCトウ(チカイ・カイソウフメイ),東京都,港区,港南品川インターシティＣ棟（地階・階層不明）
13103,"108  ",1086201,トウキョウト,ミナトク,コウナンシナガワインターシティCトウ(1カイ),東京都,港区,港南品川インターシティＣ棟（１階）
13103,"108  ",1086202,トウキョウト,ミナトク,コウナンシナガワインターシティCトウ(2カイ),東京都,港区,港南品川インターシティＣ棟（２階）
13103,"108  ",1086203,トウキョウト,ミナトク,コウナンシナガワインターシティCトウ(3カイ),東京都,港区,港南品川インターシティＣ棟（３階）
13103,"108  ",1086204,トウキョウト,ミナトク,コウナンシナガワインターシティCトウ(4カイ),東京都,港区,港南品川インターシティＣ棟（４階）
13103,"108  ",1086205,トウキョウト,ミナトク,コウナンシナガワインターシティCトウ(5カイ),東京都,港区,港南品川インターシティＣ棟（５階）
13103,"108  ",1086206,トウキョウト,ミナトク,コウナンシナガワインターシティCトウ(6カイ),東京都,港区,港南品川インターシティＣ棟（６階）
13103,"108  ",1086207,トウキョウト,ミナトク,コウナンシナガワインターシティCトウ(7カイ),東京都,港区,港南品川インターシティＣ棟（７階）
13103,"108  ",1086208,トウキョウト,ミナトク,コウナンシナガワインターシティCトウ(8カイ),東京都,港区,港南品川インターシティＣ棟（８階）
13103,"108  ",1086209,トウキョウト,ミナトク,コウナンシナガワインターシティCトウ(9カイ),東京都,港区,港南品川インターシティＣ棟（９階）
13103,"108  ",1086210,トウキョウト,ミナトク,コウナンシナガワインターシティCトウ(10カイ),東京都,港区,港南品川インターシティＣ棟（１０階）
13103,"108  ",1086211,トウキョウト,ミナトク,コウナンシナガワインターシティCトウ(11カイ),東京都,港区,港南品川インターシティＣ棟（１１階）
13103,"108  ",1086212,トウキョウト,ミナトク,コウナンシナガワインターシティCトウ(12カイ),東京都,港区,港南品川インターシティＣ棟（１２階）
13103,"108  ",1086213,トウキョウト,ミナトク,コウナンシナガワインターシティCトウ(13カイ),東京都,港区,港南品川インターシティＣ棟（１３階）
13103,"108  ",1086214,トウキョウト,ミナトク,コウナンシナガワインターシティCトウ(14カイ),東京都,港区,港南品川インターシティＣ棟（１４階）
13103,"108  ",1086215,トウキョウト,ミナトク,コウナンシナガワインターシティCトウ(15カイ),東京都,港区,港南品川インターシティＣ棟（１５階）
13103,"108  ",1086216,トウキョウト,ミナトク,コウナンシナガワインターシティCトウ(16カイ),東京都,港区,港南品川インターシティＣ棟（１６階）
13103,"108  ",1086217,トウキョウト,ミナトク,コウナンシナガワインターシティCトウ(17カイ),東京都,港区,港南品川インターシティＣ棟（１７階）
13103,"108  ",1086218,トウキョウト,ミナトク,コウナンシナガワインターシティCトウ(18カイ),東京都,港区,港南品川インターシティＣ棟（１８階）
13103,"108  ",1086219,トウキョウト,ミナトク,コウナンシナガワインターシティCトウ(19カイ),東京都,港区,港南品川インターシティＣ棟（１９階）
13103,"108  ",1086220,トウキョウト,ミナトク,コウナンシナガワインターシティCトウ(20カイ),東京都,港区,港南品川インターシティＣ棟（２０階）
13103,"108  ",1086221,トウキョウト,ミナトク,コウナンシナガワインターシティCトウ(21カイ),東京都,港区,港南品川インターシティＣ棟（２１階）
13103,"108  ",1086222,トウキョウト,ミナトク,コウナンシナガワインターシティCトウ(22カイ),東京都,港区,港南品川インターシティＣ棟（２２階）
13103,"108  ",1086223,トウキョウト,ミナトク,コウナンシナガワインターシティCトウ(23カイ),東京都,港区,港南品川インターシティＣ棟（２３階）
13103,"108  ",1086224,トウキョウト,ミナトク,コウナンシナガワインターシティCトウ(24カイ),東京都,港区,港南品川インターシティＣ棟（２４階）
13103,"108  ",1086225,トウキョウト,ミナトク,コウナンシナガワインターシティCトウ(25カイ),東京都,港区,港南品川インターシティＣ棟（２５階）
13103,"108  ",1086226,トウキョウト,ミナトク,コウナンシナガワインターシティCトウ(26カイ),東京都,港区,港南品川インターシティＣ棟（２６階）
13103,"108  ",1086227,トウキョウト,ミナトク,コウナンシナガワインターシティCトウ(27カイ),東京都,港区,港南品川インターシティＣ棟（２７階）
13103,"108  ",1086228,トウキョウト,ミナトク,コウナンシナガワインターシティCトウ(28カイ),東京都,港区,港南品川インターシティＣ棟（２８階）
13103,"108  ",1086229,トウキョウト,ミナトク,コウナンシナガワインターシティCトウ(29カイ),東京都,港区,港南品川インターシティＣ棟（２９階）
13103,"108  ",1086230,トウキョウト,ミナトク,コウナンシナガワインターシティCトウ(30カイ),東京都,港区,港南品川インターシティＣ棟（３０階）
13103,"108  ",1086231,トウキョウト,ミナトク,コウナンシナガワインターシティCトウ(31カイ),東京都,港区,港南品川インターシティＣ棟（３１階）
13103,"105  ",1050014,トウキョウト,ミナトク,シバ(1-3チョウメ),東京都,港区,芝（１〜３丁目）
13103,"108  ",1080014,トウキョウト,ミナトク,シバ(4、5チョウメ),東京都,港区,芝（４、５丁目）
13103,"105  ",1050023,トウキョウト,ミナトク,シバウラ(1チョウメ),東京都,港区,芝浦（１丁目）
13103,"108  ",1080023,トウキョウト,ミナトク,シバウラ(2-4チョウメ),東京都,港区,芝浦（２〜４丁目）
13103,"105  ",1050011,トウキョウト,ミナトク,シバコウエン,東京都,港区,芝公園
13103,"105  ",1050012,トウキョウト,ミナトク,シバダイモン,東京都,港区,芝大門
13103,"108  ",1080072,トウキョウト,ミナトク,シロカネ,東京都,港区,白金
13103,"108  ",1080071,トウキョウト,ミナトク,シロカネダイ,東京都,港区,白金台
13103,"105  ",1050004,トウキョウト,ミナトク,シンバシ,東京都,港区,新橋
13103,"135  ",1350091,トウキョウト,ミナトク,ダイバ,東京都,港区,台場
13103,"108  ",1080074,トウキョウト,ミナトク,タカナワ,東京都,港区,高輪
13103,"105  ",1050001,トウキョウト,ミナトク,トラノモン(ツギノビルヲノゾク),東京都,港区,虎ノ門（次のビルを除く）
13103,"105  ",1056090,トウキョウト,ミナトク,トラノモンシロヤマトラストタワー(チカイ・カイソウフメイ),東京都,港区,虎ノ門城山トラストタワー（地階・階層不明）
13103,"105  ",1056001,トウキョウト,ミナトク,トラノモンシロヤマトラストタワー(1カイ),東京都,港区,虎ノ門城山トラストタワー（１階）
13103,"105  ",1056002,トウキョウト,ミナトク,トラノモンシロヤマトラストタワー(2カイ),東京都,港区,虎ノ門城山トラストタワー（２階）
13103,"105  ",1056003,トウキョウト,ミナトク,トラノモンシロヤマトラストタワー(3カイ),東京都,港区,虎ノ門城山トラストタワー（３階）
13103,"105  ",1056004,トウキョウト,ミナトク,トラノモンシロヤマトラストタワー(4カイ),東京都,港区,虎ノ門城山トラストタワー（４階）
13103,"105  ",1056005,トウキョウト,ミナトク,トラノモンシロヤマトラストタワー(5カイ),東京都,港区,虎ノ門城山トラストタワー（５階）
13103,"105  ",1056006,トウキョウト,ミナトク,トラノモンシロヤマトラストタワー(6カイ),東京都,港区,虎ノ門城山トラストタワー（６階）
13103,"105  ",1056007,トウキョウト,ミナトク,トラノモンシロヤマトラストタワー(7カイ),東京都,港区,虎ノ門城山トラストタワー（７階）
13103,"105  ",1056008,トウキョウト,ミナトク,トラノモンシロヤマトラストタワー(8カイ),東京都,港区,虎ノ門城山トラストタワー（８階）
13103,"105  ",1056009,トウキョウト,ミナトク,トラノモンシロヤマトラストタワー(9カイ),東京都,港区,虎ノ門城山トラストタワー（９階）
13103,"105  ",1056010,トウキョウト,ミナトク,トラノモンシロヤマトラストタワー(10カイ),東京都,港区,虎ノ門城山トラストタワー（１０階）
13103,"105  ",1056011,トウキョウト,ミナトク,トラノモンシロヤマトラストタワー(11カイ),東京都,港区,虎ノ門城山トラストタワー（１１階）
13103,"105  ",1056012,トウキョウト,ミナトク,トラノモンシロヤマトラストタワー(12カイ),東京都,港区,虎ノ門城山トラストタワー（１２階）
13103,"105  ",1056013,トウキョウト,ミナトク,トラノモンシロヤマトラストタワー(13カイ),東京都,港区,虎ノ門城山トラストタワー（１３階）
13103,"105  ",1056014,トウキョウト,ミナトク,トラノモンシロヤマトラストタワー(14カイ),東京都,港区,虎ノ門城山トラストタワー（１４階）
13103,"105  ",1056015,トウキョウト,ミナトク,トラノモンシロヤマトラストタワー(15カイ),東京都,港区,虎ノ門城山トラストタワー（１５階）
13103,"105  ",1056016,トウキョウト,ミナトク,トラノモンシロヤマトラストタワー(16カイ),東京都,港区,虎ノ門城山トラストタワー（１６階）
13103,"105  ",1056017,トウキョウト,ミナトク,トラノモンシロヤマトラストタワー(17カイ),東京都,港区,虎ノ門城山トラストタワー（１７階）
13103,"105  ",1056018,トウキョウト,ミナトク,トラノモンシロヤマトラストタワー(18カイ),東京都,港区,虎ノ門城山トラストタワー（１８階）
13103,"105  ",1056019,トウキョウト,ミナトク,トラノモンシロヤマトラストタワー(19カイ),東京都,港区,虎ノ門城山トラストタワー（１９階）
13103,"105  ",1056020,トウキョウト,ミナトク,トラノモンシロヤマトラストタワー(20カイ),東京都,港区,虎ノ門城山トラストタワー（２０階）
13103,"105  ",1056021,トウキョウト,ミナトク,トラノモンシロヤマトラストタワー(21カイ),東京都,港区,虎ノ門城山トラストタワー（２１階）
13103,"105  ",1056022,トウキョウト,ミナトク,トラノモンシロヤマトラストタワー(22カイ),東京都,港区,虎ノ門城山トラストタワー（２２階）
13103,"105  ",1056023,トウキョウト,ミナトク,トラノモンシロヤマトラストタワー(23カイ),東京都,港区,虎ノ門城山トラストタワー（２３階）
13103,"105  ",1056024,トウキョウト,ミナトク,トラノモンシロヤマトラストタワー(24カイ),東京都,港区,虎ノ門城山トラストタワー（２４階）
13103,"105  ",1056025,トウキョウト,ミナトク,トラノモンシロヤマトラストタワー(25カイ),東京都,港区,虎ノ門城山トラストタワー（２５階）
13103,"105  ",1056026,トウキョウト,ミナトク,トラノモンシロヤマトラストタワー(26カイ),東京都,港区,虎ノ門城山トラストタワー（２６階）
13103,"105  ",1056027,トウキョウト,ミナトク,トラノモンシロヤマトラストタワー(27カイ),東京都,港区,虎ノ門城山トラストタワー（２７階）
13103,"105  ",1056028,トウキョウト,ミナトク,トラノモンシロヤマトラストタワー(28カイ),東京都,港区,虎ノ門城山トラストタワー（２８階）
13103,"105  ",1056029,トウキョウト,ミナトク,トラノモンシロヤマトラストタワー(29カイ),東京都,港区,虎ノ門城山トラストタワー（２９階）
13103,"105  ",1056030,トウキョウト,ミナトク,トラノモンシロヤマトラストタワー(30カイ),東京都,港区,虎ノ門城山トラストタワー（３０階）
13103,"105  ",1056031,トウキョウト,ミナトク,トラノモンシロヤマトラストタワー(31カイ),東京都,港区,虎ノ門城山トラストタワー（３１階）
13103,"105  ",1056032,トウキョウト,ミナトク,トラノモンシロヤマトラストタワー(32カイ),東京都,港区,虎ノ門城山トラストタワー（３２階）
13103,"105  ",1056033,トウキョウト,ミナトク,トラノモンシロヤマトラストタワー(33カイ),東京都,港区,虎ノ門城山トラストタワー（３３階）
13103,"105  ",1056034,トウキョウト,ミナトク,トラノモンシロヤマトラストタワー(34カイ),東京都,港区,虎ノ門城山トラストタワー（３４階）
13103,"105  ",1056035,トウキョウト,ミナトク,トラノモンシロヤマトラストタワー(35カイ),東京都,港区,虎ノ門城山トラストタワー（３５階）
13103,"105  ",1056036,トウキョウト,ミナトク,トラノモンシロヤマトラストタワー(36カイ),東京都,港区,虎ノ門城山トラストタワー（３６階）
13103,"105  ",1056037,トウキョウト,ミナトク,トラノモンシロヤマトラストタワー(37カイ),東京都,港区,虎ノ門城山トラストタワー（３７階）
13103,"105  ",1056390,トウキョウト,ミナトク,トラノモントラノモンヒルズモリタワー(チカイ・カイソウフメイ),東京都,港区,虎ノ門虎ノ門ヒルズ森タワー（地階・階層不明）
13103,"105  ",1056301,トウキョウト,ミナトク,トラノモントラノモンヒルズモリタワー(1カイ),東京都,港区,虎ノ門虎ノ門ヒルズ森タワー（１階）
13103,"105  ",1056302,トウキョウト,ミナトク,トラノモントラノモンヒルズモリタワー(2カイ),東京都,港区,虎ノ門虎ノ門ヒルズ森タワー（２階）
13103,"105  ",1056303,トウキョウト,ミナトク,トラノモントラノモンヒルズモリタワー(3カイ),東京都,港区,虎ノ門虎ノ門ヒルズ森タワー（３階）
13103,"105  ",1056304,トウキョウト,ミナトク,トラノモントラノモンヒルズモリタワー(4カイ),東京都,港区,虎ノ門虎ノ門ヒルズ森タワー（４階）
13103,"105  ",1056305,トウキョウト,ミナトク,トラノモントラノモンヒルズモリタワー(5カイ),東京都,港区,虎ノ門虎ノ門ヒルズ森タワー（５階）
13103,"105  ",1056306,トウキョウト,ミナトク,トラノモントラノモンヒルズモリタワー(6カイ),東京都,港区,虎ノ門虎ノ門ヒルズ森タワー（６階）
13103,"105  ",1056307,トウキョウト,ミナトク,トラノモントラノモンヒルズモリタワー(7カイ),東京都,港区,虎ノ門虎ノ門ヒルズ森タワー（７階）
13103,"105  ",1056308,トウキョウト,ミナトク,トラノモントラノモンヒルズモリタワー(8カイ),東京都,港区,虎ノ門虎ノ門ヒルズ森タワー（８階）
13103,"105  ",1056309,トウキョウト,ミナトク,トラノモントラノモンヒルズモリタワー(9カイ),東京都,港区,虎ノ門虎ノ門ヒルズ森タワー（９階）
13103,"105  ",1056310,トウキョウト,ミナトク,トラノモントラノモンヒルズモリタワー(10カイ),東京都,港区,虎ノ門虎ノ門ヒルズ森タワー（１０階）
13103,"105  ",1056311,トウキョウト,ミナトク,トラノモントラノモンヒルズモリタワー(11カイ),東京都,港区,虎ノ門虎ノ門ヒルズ森タワー（１１階）
13103,"105  ",1056312,トウキョウト,ミナトク,トラノモントラノモンヒルズモリタワー(12カイ),東京都,港区,虎ノ門虎ノ門ヒルズ森タワー（１２階）
13103,"105  ",1056313,トウキョウト,ミナトク,トラノモントラノモンヒルズモリタワー(13カイ),東京都,港区,虎ノ門虎ノ門ヒルズ森タワー（１３階）
13103,"105  ",1056314,トウキョウト,ミナトク,トラノモントラノモンヒルズモリタワー(14カイ),東京都,港区,虎ノ門虎ノ門ヒルズ森タワー（１４階）
13103,"105  ",1056315,トウキョウト,ミナトク,トラノモントラノモンヒルズモリタワー(15カイ),東京都,港区,虎ノ門虎ノ門ヒルズ森タワー（１５階）
13103,"105  ",1056316,トウキョウト,ミナトク,トラノモントラノモンヒルズモリタワー(16カイ),東京都,港区,虎ノ門虎ノ門ヒルズ森タワー（１６階）
13103,"105  ",1056317,トウキョウト,ミナトク,トラノモントラノモンヒルズモリタワー(17カイ),東京都,港区,虎ノ門虎ノ門ヒルズ森タワー（１７階）
13103,"105  ",1056318,トウキョウト,ミナトク,トラノモントラノモンヒルズモリタワー(18カイ),東京都,港区,虎ノ門虎ノ門ヒルズ森タワー（１８階）
13103,"105  ",1056319,トウキョウト,ミナトク,トラノモントラノモンヒルズモリタワー(19カイ),東京都,港区,虎ノ門虎ノ門ヒルズ森タワー（１９階）
13103,"105  ",1056320,トウキョウト,ミナトク,トラノモントラノモンヒルズモリタワー(20カイ),東京都,港区,虎ノ門虎ノ門ヒルズ森タワー（２０階）
13103,"105  ",1056321,トウキョウト,ミナトク,トラノモントラノモンヒルズモリタワー(21カイ),東京都,港区,虎ノ門虎ノ門ヒルズ森タワー（２１階）
13103,"105  ",1056322,トウキョウト,ミナトク,トラノモントラノモンヒルズモリタワー(22カイ),東京都,港区,虎ノ門虎ノ門ヒルズ森タワー（２２階）
13103,"105  ",1056323,トウキョウト,ミナトク,トラノモントラノモンヒルズモリタワー(23カイ),東京都,港区,虎ノ門虎ノ門ヒルズ森タワー（２３階）
13103,"105  ",1056324,トウキョウト,ミナトク,トラノモントラノモンヒルズモリタワー(24カイ),東京都,港区,虎ノ門虎ノ門ヒルズ森タワー（２４階）
13103,"105  ",1056325,トウキョウト,ミナトク,トラノモントラノモンヒルズモリタワー(25カイ),東京都,港区,虎ノ門虎ノ門ヒルズ森タワー（２５階）
13103,"105  ",1056326,トウキョウト,ミナトク,トラノモントラノモンヒルズモリタワー(26カイ),東京都,港区,虎ノ門虎ノ門ヒルズ森タワー（２６階）
13103,"105  ",1056327,トウキョウト,ミナトク,トラノモントラノモンヒルズモリタワー(27カイ),東京都,港区,虎ノ門虎ノ門ヒルズ森タワー（２７階）
13103,"105  ",1056328,トウキョウト,ミナトク,トラノモントラノモンヒルズモリタワー(28カイ),東京都,港区,虎ノ門虎ノ門ヒルズ森タワー（２８階）
13103,"105  ",1056329,トウキョウト,ミナトク,トラノモントラノモンヒルズモリタワー(29カイ),東京都,港区,虎ノ門虎ノ門ヒルズ森タワー（２９階）
13103,"105  ",1056330,トウキョウト,ミナトク,トラノモントラノモンヒルズモリタワー(30カイ),東京都,港区,虎ノ門虎ノ門ヒルズ森タワー（３０階）
13103,"105  ",1056331,トウキョウト,ミナトク,トラノモントラノモンヒルズモリタワー(31カイ),東京都,港区,虎ノ門虎ノ門ヒルズ森タワー（３１階）
13103,"105  ",1056332,トウキョウト,ミナトク,トラノモントラノモンヒルズモリタワー(32カイ),東京都,港区,虎ノ門虎ノ門ヒルズ森タワー（３２階）
13103,"105  ",1056333,トウキョウト,ミナトク,トラノモントラノモンヒルズモリタワー(33カイ),東京都,港区,虎ノ門虎ノ門ヒルズ森タワー（３３階）
13103,"105  ",1056334,トウキョウト,ミナトク,トラノモントラノモンヒルズモリタワー(34カイ),東京都,港区,虎ノ門虎ノ門ヒルズ森タワー（３４階）
13103,"105  ",1056335,トウキョウト,ミナトク,トラノモントラノモンヒルズモリタワー(35カイ),東京都,港区,虎ノ門虎ノ門ヒルズ森タワー（３５階）
13103,"105  ",1056336,トウキョウト,ミナトク,トラノモントラノモンヒルズモリタワー(36カイ),東京都,港区,虎ノ門虎ノ門ヒルズ森タワー（３６階）
13103,"106  ",1060031,トウキョウト,ミナトク,ニシアザブ,東京都,港区,西麻布
13103,"105  ",1050003,トウキョウト,ミナトク,ニシシンバシ,東京都,港区,西新橋
13103,"105  ",1050013,トウキョウト,ミナトク,ハママツチョウ(ツギノビルヲノゾク),東京都,港区,浜松町（次のビルを除く）
13103,"105  ",1056190,トウキョウト,ミナトク,ハママツチョウセカイボウエキセンタービル(チカイ・カイソウフメイ),東京都,港区,浜松町世界貿易センタービル（地階・階層不明）
13103,"105  ",1056101,トウキョウト,ミナトク,ハママツチョウセカイボウエキセンタービル(1カイ),東京都,港区,浜松町世界貿易センタービル（１階）
13103,"105  ",1056102,トウキョウト,ミナトク,ハママツチョウセカイボウエキセンタービル(2カイ),東京都,港区,浜松町世界貿易センタービル（２階）
13103,"105  ",1056103,トウキョウト,ミナトク,ハママツチョウセカイボウエキセンタービル(3カイ),東京都,港区,浜松町世界貿易センタービル（３階）
13103,"105  ",1056104,トウキョウト,ミナトク,ハママツチョウセカイボウエキセンタービル(4カイ),東京都,港区,浜松町世界貿易センタービル（４階）
13103,"105  ",1056105,トウキョウト,ミナトク,ハママツチョウセカイボウエキセンタービル(5カイ),東京都,港区,浜松町世界貿易センタービル（５階）
13103,"105  ",1056106,トウキョウト,ミナトク,ハママツチョウセカイボウエキセンタービル(6カイ),東京都,港区,浜松町世界貿易センタービル（６階）
13103,"105  ",1056107,トウキョウト,ミナトク,ハママツチョウセカイボウエキセンタービル(7カイ),東京都,港区,浜松町世界貿易センタービル（７階）
13103,"105  ",1056108,トウキョウト,ミナトク,ハママツチョウセカイボウエキセンタービル(8カイ),東京都,港区,浜松町世界貿易センタービル（８階）
13103,"105  ",1056109,トウキョウト,ミナトク,ハママツチョウセカイボウエキセンタービル(9カイ),東京都,港区,浜松町世界貿易センタービル（９階）
13103,"105  ",1056110,トウキョウト,ミナトク,ハママツチョウセカイボウエキセンタービル(10カイ),東京都,港区,浜松町世界貿易センタービル（１０階）
13103,"105  ",1056111,トウキョウト,ミナトク,ハママツチョウセカイボウエキセンタービル(11カイ),東京都,港区,浜松町世界貿易センタービル（１１階）
13103,"105  ",1056112,トウキョウト,ミナトク,ハママツチョウセカイボウエキセンタービル(12カイ),東京都,港区,浜松町世界貿易センタービル（１２階）
13103,"105  ",1056113,トウキョウト,ミナトク,ハママツチョウセカイボウエキセンタービル(13カイ),東京都,港区,浜松町世界貿易センタービル（１３階）
13103,"105  ",1056114,トウキョウト,ミナトク,ハママツチョウセカイボウエキセンタービル(14カイ),東京都,港区,浜松町世界貿易センタービル（１４階）
13103,"105  ",1056115,トウキョウト,ミナトク,ハママツチョウセカイボウエキセンタービル(15カイ),東京都,港区,浜松町世界貿易センタービル（１５階）
13103,"105  ",1056116,トウキョウト,ミナトク,ハママツチョウセカイボウエキセンタービル(16カイ),東京都,港区,浜松町世界貿易センタービル（１６階）
13103,"105  ",1056117,トウキョウト,ミナトク,ハママツチョウセカイボウエキセンタービル(17カイ),東京都,港区,浜松町世界貿易センタービル（１７階）
13103,"105  ",1056118,トウキョウト,ミナトク,ハママツチョウセカイボウエキセンタービル(18カイ),東京都,港区,浜松町世界貿易センタービル（１８階）
13103,"105  ",1056119,トウキョウト,ミナトク,ハママツチョウセカイボウエキセンタービル(19カイ),東京都,港区,浜松町世界貿易センタービル（１９階）
13103,"105  ",1056120,トウキョウト,ミナトク,ハママツチョウセカイボウエキセンタービル(20カイ),東京都,港区,浜松町世界貿易センタービル（２０階）
13103,"105  ",1056121,トウキョウト,ミナトク,ハママツチョウセカイボウエキセンタービル(21カイ),東京都,港区,浜松町世界貿易センタービル（２１階）
13103,"105  ",1056122,トウキョウト,ミナトク,ハママツチョウセカイボウエキセンタービル(22カイ),東京都,港区,浜松町世界貿易センタービル（２２階）
13103,"105  ",1056123,トウキョウト,ミナトク,ハママツチョウセカイボウエキセンタービル(23カイ),東京都,港区,浜松町世界貿易センタービル（２３階）
13103,"105  ",1056124,トウキョウト,ミナトク,ハママツチョウセカイボウエキセンタービル(24カイ),東京都,港区,浜松町世界貿易センタービル（２４階）
13103,"105  ",1056125,トウキョウト,ミナトク,ハママツチョウセカイボウエキセンタービル(25カイ),東京都,港区,浜松町世界貿易センタービル（２５階）
13103,"105  ",1056126,トウキョウト,ミナトク,ハママツチョウセカイボウエキセンタービル(26カイ),東京都,港区,浜松町世界貿易センタービル（２６階）
13103,"105  ",1056127,トウキョウト,ミナトク,ハママツチョウセカイボウエキセンタービル(27カイ),東京都,港区,浜松町世界貿易センタービル（２７階）
13103,"105  ",1056128,トウキョウト,ミナトク,ハママツチョウセカイボウエキセンタービル(28カイ),東京都,港区,浜松町世界貿易センタービル（２８階）
13103,"105  ",1056129,トウキョウト,ミナトク,ハママツチョウセカイボウエキセンタービル(29カイ),東京都,港区,浜松町世界貿易センタービル（２９階）
13103,"105  ",1056130,トウキョウト,ミナトク,ハママツチョウセカイボウエキセンタービル(30カイ),東京都,港区,浜松町世界貿易センタービル（３０階）
13103,"105  ",1056131,トウキョウト,ミナトク,ハママツチョウセカイボウエキセンタービル(31カイ),東京都,港区,浜松町世界貿易センタービル（３１階）
13103,"105  ",1056132,トウキョウト,ミナトク,ハママツチョウセカイボウエキセンタービル(32カイ),東京都,港区,浜松町世界貿易センタービル（３２階）
13103,"105  ",1056133,トウキョウト,ミナトク,ハママツチョウセカイボウエキセンタービル(33カイ),東京都,港区,浜松町世界貿易センタービル（３３階）
13103,"105  ",1056134,トウキョウト,ミナトク,ハママツチョウセカイボウエキセンタービル(34カイ),東京都,港区,浜松町世界貿易センタービル（３４階）
13103,"105  ",1056135,トウキョウト,ミナトク,ハママツチョウセカイボウエキセンタービル(35カイ),東京都,港区,浜松町世界貿易センタービル（３５階）
13103,"105  ",1056136,トウキョウト,ミナトク,ハママツチョウセカイボウエキセンタービル(36カイ),東京都,港区,浜松町世界貿易センタービル（３６階）
13103,"105  ",1056137,トウキョウト,ミナトク,ハママツチョウセカイボウエキセンタービル(37カイ),東京都,港区,浜松町世界貿易センタービル（３７階）
13103,"105  ",1056138,トウキョウト,ミナトク,ハママツチョウセカイボウエキセンタービル(38カイ),東京都,港区,浜松町世界貿易センタービル（３８階）
13103,"105  ",1056139,トウキョウト,ミナトク,ハママツチョウセカイボウエキセンタービル(39カイ),東京都,港区,浜松町世界貿易センタービル（３９階）
13103,"105  ",1056140,トウキョウト,ミナトク,ハママツチョウセカイボウエキセンタービル(40カイ),東京都,港区,浜松町世界貿易センタービル（４０階）
13103,"106  ",1060044,トウキョウト,ミナトク,ヒガシアザブ,東京都,港区,東麻布
13103,"105  ",1050021,トウキョウト,ミナトク,ヒガシシンバシ(ツギノビルヲノゾク),東京都,港区,東新橋（次のビルを除く）
13103,"105  ",1057190,トウキョウト,ミナトク,ヒガシシンバシシオドメシティセンター(チカイ・カイソウフメイ),東京都,港区,東新橋汐留シティセンター（地階・階層不明）
13103,"105  ",1057101,トウキョウト,ミナトク,ヒガシシンバシシオドメシティセンター(1カイ),東京都,港区,東新橋汐留シティセンター（１階）
13103,"105  ",1057102,トウキョウト,ミナトク,ヒガシシンバシシオドメシティセンター(2カイ),東京都,港区,東新橋汐留シティセンター（２階）
13103,"105  ",1057103,トウキョウト,ミナトク,ヒガシシンバシシオドメシティセンター(3カイ),東京都,港区,東新橋汐留シティセンター（３階）
13103,"105  ",1057104,トウキョウト,ミナトク,ヒガシシンバシシオドメシティセンター(4カイ),東京都,港区,東新橋汐留シティセンター（４階）
13103,"105  ",1057105,トウキョウト,ミナトク,ヒガシシンバシシオドメシティセンター(5カイ),東京都,港区,東新橋汐留シティセンター（５階）
13103,"105  ",1057106,トウキョウト,ミナトク,ヒガシシンバシシオドメシティセンター(6カイ),東京都,港区,東新橋汐留シティセンター（６階）
13103,"105  ",1057107,トウキョウト,ミナトク,ヒガシシンバシシオドメシティセンター(7カイ),東京都,港区,東新橋汐留シティセンター（７階）
13103,"105  ",1057108,トウキョウト,ミナトク,ヒガシシンバシシオドメシティセンター(8カイ),東京都,港区,東新橋汐留シティセンター（８階）
13103,"105  ",1057109,トウキョウト,ミナトク,ヒガシシンバシシオドメシティセンター(9カイ),東京都,港区,東新橋汐留シティセンター（９階）
13103,"105  ",1057110,トウキョウト,ミナトク,ヒガシシンバシシオドメシティセンター(10カイ),東京都,港区,東新橋汐留シティセンター（１０階）
13103,"105  ",1057111,トウキョウト,ミナトク,ヒガシシンバシシオドメシティセンター(11カイ),東京都,港区,東新橋汐留シティセンター（１１階）
13103,"105  ",1057112,トウキョウト,ミナトク,ヒガシシンバシシオドメシティセンター(12カイ),東京都,港区,東新橋汐留シティセンター（１２階）
13103,"105  ",1057113,トウキョウト,ミナトク,ヒガシシンバシシオドメシティセンター(13カイ),東京都,港区,東新橋汐留シティセンター（１３階）
13103,"105  ",1057114,トウキョウト,ミナトク,ヒガシシンバシシオドメシティセンター(14カイ),東京都,港区,東新橋汐留シティセンター（１４階）
13103,"105  ",1057115,トウキョウト,ミナトク,ヒガシシンバシシオドメシティセンター(15カイ),東京都,港区,東新橋汐留シティセンター（１５階）
13103,"105  ",1057116,トウキョウト,ミナトク,ヒガシシンバシシオドメシティセンター(16カイ),東京都,港区,東新橋汐留シティセンター（１６階）
13103,"105  ",1057117,トウキョウト,ミナトク,ヒガシシンバシシオドメシティセンター(17カイ),東京都,港区,東新橋汐留シティセンター（１７階）
13103,"105  ",1057118,トウキョウト,ミナトク,ヒガシシンバシシオドメシティセンター(18カイ),東京都,港区,東新橋汐留シティセンター（１８階）
13103,"105  ",1057119,トウキョウト,ミナトク,ヒガシシンバシシオドメシティセンター(19カイ),東京都,港区,東新橋汐留シティセンター（１９階）
13103,"105  ",1057120,トウキョウト,ミナトク,ヒガシシンバシシオドメシティセンター(20カイ),東京都,港区,東新橋汐留シティセンター（２０階）
13103,"105  ",1057121,トウキョウト,ミナトク,ヒガシシンバシシオドメシティセンター(21カイ),東京都,港区,東新橋汐留シティセンター（２１階）
13103,"105  ",1057122,トウキョウト,ミナトク,ヒガシシンバシシオドメシティセンター(22カイ),東京都,港区,東新橋汐留シティセンター（２２階）
13103,"105  ",1057123,トウキョウト,ミナトク,ヒガシシンバシシオドメシティセンター(23カイ),東京都,港区,東新橋汐留シティセンター（２３階）
13103,"105  ",1057124,トウキョウト,ミナトク,ヒガシシンバシシオドメシティセンター(24カイ),東京都,港区,東新橋汐留シティセンター（２４階）
13103,"105  ",1057125,トウキョウト,ミナトク,ヒガシシンバシシオドメシティセンター(25カイ),東京都,港区,東新橋汐留シティセンター（２５階）
13103,"105  ",1057126,トウキョウト,ミナトク,ヒガシシンバシシオドメシティセンター(26カイ),東京都,港区,東新橋汐留シティセンター（２６階）
13103,"105  ",1057127,トウキョウト,ミナトク,ヒガシシンバシシオドメシティセンター(27カイ),東京都,港区,東新橋汐留シティセンター（２７階）
13103,"105  ",1057128,トウキョウト,ミナトク,ヒガシシンバシシオドメシティセンター(28カイ),東京都,港区,東新橋汐留シティセンター（２８階）
13103,"105  ",1057129,トウキョウト,ミナトク,ヒガシシンバシシオドメシティセンター(29カイ),東京都,港区,東新橋汐留シティセンター（２９階）
13103,"105  ",1057130,トウキョウト,ミナトク,ヒガシシンバシシオドメシティセンター(30カイ),東京都,港区,東新橋汐留シティセンター（３０階）
13103,"105  ",1057131,トウキョウト,ミナトク,ヒガシシンバシシオドメシティセンター(31カイ),東京都,港区,東新橋汐留シティセンター（３１階）
13103,"105  ",1057132,トウキョウト,ミナトク,ヒガシシンバシシオドメシティセンター(32カイ),東京都,港区,東新橋汐留シティセンター（３２階）
13103,"105  ",1057133,トウキョウト,ミナトク,ヒガシシンバシシオドメシティセンター(33カイ),東京都,港区,東新橋汐留シティセンター（３３階）
13103,"105  ",1057134,トウキョウト,ミナトク,ヒガシシンバシシオドメシティセンター(34カイ),東京都,港区,東新橋汐留シティセンター（３４階）
13103,"105  ",1057135,トウキョウト,ミナトク,ヒガシシンバシシオドメシティセンター(35カイ),東京都,港区,東新橋汐留シティセンター（３５階）
13103,"105  ",1057136,トウキョウト,ミナトク,ヒガシシンバシシオドメシティセンター(36カイ),東京都,港区,東新橋汐留シティセンター（３６階）
13103,"105  ",1057137,トウキョウト,ミナトク,ヒガシシンバシシオドメシティセンター(37カイ),東京都,港区,東新橋汐留シティセンター（３７階）
13103,"105  ",1057138,トウキョウト,ミナトク,ヒガシシンバシシオドメシティセンター(38カイ),東京都,港区,東新橋汐留シティセンター（３８階）
13103,"105  ",1057139,トウキョウト,ミナトク,ヒガシシンバシシオドメシティセンター(39カイ),東京都,港区,東新橋汐留シティセンター（３９階）
13103,"105  ",1057140,トウキョウト,ミナトク,ヒガシシンバシシオドメシティセンター(40カイ),東京都,港区,東新橋汐留シティセンター（４０階）
13103,"105  ",1057141,トウキョウト,ミナトク,ヒガシシンバシシオドメシティセンター(41カイ),東京都,港区,東新橋汐留シティセンター（４１階）
13103,"105  ",1057142,トウキョウト,ミナトク,ヒガシシンバシシオドメシティセンター(42カイ),東京都,港区,東新橋汐留シティセンター（４２階）
13103,"105  ",1057143,トウキョウト,ミナトク,ヒガシシンバシシオドメシティセンター(43カイ),東京都,港区,東新橋汐留シティセンター（４３階）
13103,"105  ",1057290,トウキョウト,ミナトク,ヒガシシンバシシオドメメディアタワー(チカイ・カイソウフメイ),東京都,港区,東新橋汐留メディアタワー（地階・階層不明）
13103,"105  ",1057201,トウキョウト,ミナトク,ヒガシシンバシシオドメメディアタワー(1カイ),東京都,港区,東新橋汐留メディアタワー（１階）
13103,"105  ",1057202,トウキョウト,ミナトク,ヒガシシンバシシオドメメディアタワー(2カイ),東京都,港区,東新橋汐留メディアタワー（２階）
13103,"105  ",1057203,トウキョウト,ミナトク,ヒガシシンバシシオドメメディアタワー(3カイ),東京都,港区,東新橋汐留メディアタワー（３階）
13103,"105  ",1057204,トウキョウト,ミナトク,ヒガシシンバシシオドメメディアタワー(4カイ),東京都,港区,東新橋汐留メディアタワー（４階）
13103,"105  ",1057205,トウキョウト,ミナトク,ヒガシシンバシシオドメメディアタワー(5カイ),東京都,港区,東新橋汐留メディアタワー（５階）
13103,"105  ",1057206,トウキョウト,ミナトク,ヒガシシンバシシオドメメディアタワー(6カイ),東京都,港区,東新橋汐留メディアタワー（６階）
13103,"105  ",1057207,トウキョウト,ミナトク,ヒガシシンバシシオドメメディアタワー(7カイ),東京都,港区,東新橋汐留メディアタワー（７階）
13103,"105  ",1057208,トウキョウト,ミナトク,ヒガシシンバシシオドメメディアタワー(8カイ),東京都,港区,東新橋汐留メディアタワー（８階）
13103,"105  ",1057209,トウキョウト,ミナトク,ヒガシシンバシシオドメメディアタワー(9カイ),東京都,港区,東新橋汐留メディアタワー（９階）
13103,"105  ",1057210,トウキョウト,ミナトク,ヒガシシンバシシオドメメディアタワー(10カイ),東京都,港区,東新橋汐留メディアタワー（１０階）
13103,"105  ",1057211,トウキョウト,ミナトク,ヒガシシンバシシオドメメディアタワー(11カイ),東京都,港区,東新橋汐留メディアタワー（１１階）
13103,"105  ",1057212,トウキョウト,ミナトク,ヒガシシンバシシオドメメディアタワー(12カイ),東京都,港区,東新橋汐留メディアタワー（１２階）
13103,"105  ",1057213,トウキョウト,ミナトク,ヒガシシンバシシオドメメディアタワー(13カイ),東京都,港区,東新橋汐留メディアタワー（１３階）
13103,"105  ",1057214,トウキョウト,ミナトク,ヒガシシンバシシオドメメディアタワー(14カイ),東京都,港区,東新橋汐留メディアタワー（１４階）
13103,"105  ",1057215,トウキョウト,ミナトク,ヒガシシンバシシオドメメディアタワー(15カイ),東京都,港区,東新橋汐留メディアタワー（１５階）
13103,"105  ",1057216,トウキョウト,ミナトク,ヒガシシンバシシオドメメディアタワー(16カイ),東京都,港区,東新橋汐留メディアタワー（１６階）
13103,"105  ",1057217,トウキョウト,ミナトク,ヒガシシンバシシオドメメディアタワー(17カイ),東京都,港区,東新橋汐留メディアタワー（１７階）
13103,"105  ",1057218,トウキョウト,ミナトク,ヒガシシンバシシオドメメディアタワー(18カイ),東京都,港区,東新橋汐留メディアタワー（１８階）
13103,"105  ",1057219,トウキョウト,ミナトク,ヒガシシンバシシオドメメディアタワー(19カイ),東京都,港区,東新橋汐留メディアタワー（１９階）
13103,"105  ",1057220,トウキョウト,ミナトク,ヒガシシンバシシオドメメディアタワー(20カイ),東京都,港区,東新橋汐留メディアタワー（２０階）
13103,"105  ",1057221,トウキョウト,ミナトク,ヒガシシンバシシオドメメディアタワー(21カイ),東京都,港区,東新橋汐留メディアタワー（２１階）
13103,"105  ",1057222,トウキョウト,ミナトク,ヒガシシンバシシオドメメディアタワー(22カイ),東京都,港区,東新橋汐留メディアタワー（２２階）
13103,"105  ",1057223,トウキョウト,ミナトク,ヒガシシンバシシオドメメディアタワー(23カイ),東京都,港区,東新橋汐留メディアタワー（２３階）
13103,"105  ",1057224,トウキョウト,ミナトク,ヒガシシンバシシオドメメディアタワー(24カイ),東京都,港区,東新橋汐留メディアタワー（２４階）
13103,"105  ",1057225,トウキョウト,ミナトク,ヒガシシンバシシオドメメディアタワー(25カイ),東京都,港区,東新橋汐留メディアタワー（２５階）
13103,"105  ",1057226,トウキョウト,ミナトク,ヒガシシンバシシオドメメディアタワー(26カイ),東京都,港区,東新橋汐留メディアタワー（２６階）
13103,"105  ",1057227,トウキョウト,ミナトク,ヒガシシンバシシオドメメディアタワー(27カイ),東京都,港区,東新橋汐留メディアタワー（２７階）
13103,"105  ",1057228,トウキョウト,ミナトク,ヒガシシンバシシオドメメディアタワー(28カイ),東京都,港区,東新橋汐留メディアタワー（２８階）
13103,"105  ",1057229,トウキョウト,ミナトク,ヒガシシンバシシオドメメディアタワー(29カイ),東京都,港区,東新橋汐留メディアタワー（２９階）
13103,"105  ",1057230,トウキョウト,ミナトク,ヒガシシンバシシオドメメディアタワー(30カイ),東京都,港区,東新橋汐留メディアタワー（３０階）
13103,"105  ",1057231,トウキョウト,ミナトク,ヒガシシンバシシオドメメディアタワー(31カイ),東京都,港区,東新橋汐留メディアタワー（３１階）
13103,"105  ",1057232,トウキョウト,ミナトク,ヒガシシンバシシオドメメディアタワー(32カイ),東京都,港区,東新橋汐留メディアタワー（３２階）
13103,"105  ",1057233,トウキョウト,ミナトク,ヒガシシンバシシオドメメディアタワー(33カイ),東京都,港区,東新橋汐留メディアタワー（３３階）
13103,"105  ",1057234,トウキョウト,ミナトク,ヒガシシンバシシオドメメディアタワー(34カイ),東京都,港区,東新橋汐留メディアタワー（３４階）
13103,"105  ",1057090,トウキョウト,ミナトク,ヒガシシンバシデンツウホンシャビル(チカイ・カイソウフメイ),東京都,港区,東新橋電通本社ビル（地階・階層不明）
13103,"105  ",1057001,トウキョウト,ミナトク,ヒガシシンバシデンツウホンシャビル(1カイ),東京都,港区,東新橋電通本社ビル（１階）
13103,"105  ",1057002,トウキョウト,ミナトク,ヒガシシンバシデンツウホンシャビル(2カイ),東京都,港区,東新橋電通本社ビル（２階）
13103,"105  ",1057003,トウキョウト,ミナトク,ヒガシシンバシデンツウホンシャビル(3カイ),東京都,港区,東新橋電通本社ビル（３階）
13103,"105  ",1057004,トウキョウト,ミナトク,ヒガシシンバシデンツウホンシャビル(4カイ),東京都,港区,東新橋電通本社ビル（４階）
13103,"105  ",1057005,トウキョウト,ミナトク,ヒガシシンバシデンツウホンシャビル(5カイ),東京都,港区,東新橋電通本社ビル（５階）
13103,"105  ",1057006,トウキョウト,ミナトク,ヒガシシンバシデンツウホンシャビル(6カイ),東京都,港区,東新橋電通本社ビル（６階）
13103,"105  ",1057007,トウキョウト,ミナトク,ヒガシシンバシデンツウホンシャビル(7カイ),東京都,港区,東新橋電通本社ビル（７階）
13103,"105  ",1057008,トウキョウト,ミナトク,ヒガシシンバシデンツウホンシャビル(8カイ),東京都,港区,東新橋電通本社ビル（８階）
13103,"105  ",1057009,トウキョウト,ミナトク,ヒガシシンバシデンツウホンシャビル(9カイ),東京都,港区,東新橋電通本社ビル（９階）
13103,"105  ",1057010,トウキョウト,ミナトク,ヒガシシンバシデンツウホンシャビル(10カイ),東京都,港区,東新橋電通本社ビル（１０階）
13103,"105  ",1057011,トウキョウト,ミナトク,ヒガシシンバシデンツウホンシャビル(11カイ),東京都,港区,東新橋電通本社ビル（１１階）
13103,"105  ",1057012,トウキョウト,ミナトク,ヒガシシンバシデンツウホンシャビル(12カイ),東京都,港区,東新橋電通本社ビル（１２階）
13103,"105  ",1057013,トウキョウト,ミナトク,ヒガシシンバシデンツウホンシャビル(13カイ),東京都,港区,東新橋電通本社ビル（１３階）
13103,"105  ",1057014,トウキョウト,ミナトク,ヒガシシンバシデンツウホンシャビル(14カイ),東京都,港区,東新橋電通本社ビル（１４階）
13103,"105  ",1057015,トウキョウト,ミナトク,ヒガシシンバシデンツウホンシャビル(15カイ),東京都,港区,東新橋電通本社ビル（１５階）
13103,"105  ",1057016,トウキョウト,ミナトク,ヒガシシンバシデンツウホンシャビル(16カイ),東京都,港区,東新橋電通本社ビル（１６階）
13103,"105  ",1057017,トウキョウト,ミナトク,ヒガシシンバシデンツウホンシャビル(17カイ),東京都,港区,東新橋電通本社ビル（１７階）
13103,"105  ",1057018,トウキョウト,ミナトク,ヒガシシンバシデンツウホンシャビル(18カイ),東京都,港区,東新橋電通本社ビル（１８階）
13103,"105  ",1057019,トウキョウト,ミナトク,ヒガシシンバシデンツウホンシャビル(19カイ),東京都,港区,東新橋電通本社ビル（１９階）
13103,"105  ",1057020,トウキョウト,ミナトク,ヒガシシンバシデンツウホンシャビル(20カイ),東京都,港区,東新橋電通本社ビル（２０階）
13103,"105  ",1057021,トウキョウト,ミナトク,ヒガシシンバシデンツウホンシャビル(21カイ),東京都,港区,東新橋電通本社ビル（２１階）
13103,"105  ",1057022,トウキョウト,ミナトク,ヒガシシンバシデンツウホンシャビル(22カイ),東京都,港区,東新橋電通本社ビル（２２階）
13103,"105  ",1057023,トウキョウト,ミナトク,ヒガシシンバシデンツウホンシャビル(23カイ),東京都,港区,東新橋電通本社ビル（２３階）
13103,"105  ",1057024,トウキョウト,ミナトク,ヒガシシンバシデンツウホンシャビル(24カイ),東京都,港区,東新橋電通本社ビル（２４階）
13103,"105  ",1057025,トウキョウト,ミナトク,ヒガシシンバシデンツウホンシャビル(25カイ),東京都,港区,東新橋電通本社ビル（２５階）
13103,"105  ",1057026,トウキョウト,ミナトク,ヒガシシンバシデンツウホンシャビル(26カイ),東京都,港区,東新橋電通本社ビル（２６階）
13103,"105  ",1057027,トウキョウト,ミナトク,ヒガシシンバシデンツウホンシャビル(27カイ),東京都,港区,東新橋電通本社ビル（２７階）
13103,"105  ",1057028,トウキョウト,ミナトク,ヒガシシンバシデンツウホンシャビル(28カイ),東京都,港区,東新橋電通本社ビル（２８階）
13103,"105  ",1057029,トウキョウト,ミナトク,ヒガシシンバシデンツウホンシャビル(29カイ),東京都,港区,東新橋電通本社ビル（２９階）
13103,"105  ",1057030,トウキョウト,ミナトク,ヒガシシンバシデンツウホンシャビル(30カイ),東京都,港区,東新橋電通本社ビル（３０階）
13103,"105  ",1057031,トウキョウト,ミナトク,ヒガシシンバシデンツウホンシャビル(31カイ),東京都,港区,東新橋電通本社ビル（３１階）
13103,"105  ",1057032,トウキョウト,ミナトク,ヒガシシンバシデンツウホンシャビル(32カイ),東京都,港区,東新橋電通本社ビル（３２階）
13103,"105  ",1057033,トウキョウト,ミナトク,ヒガシシンバシデンツウホンシャビル(33カイ),東京都,港区,東新橋電通本社ビル（３３階）
13103,"105  ",1057034,トウキョウト,ミナトク,ヒガシシンバシデンツウホンシャビル(34カイ),東京都,港区,東新橋電通本社ビル（３４階）
13103,"105  ",1057035,トウキョウト,ミナトク,ヒガシシンバシデンツウホンシャビル(35カイ),東京都,港区,東新橋電通本社ビル（３５階）
13103,"105  ",1057036,トウキョウト,ミナトク,ヒガシシンバシデンツウホンシャビル(36カイ),東京都,港区,東新橋電通本社ビル（３６階）
13103,"105  ",1057037,トウキョウト,ミナトク,ヒガシシンバシデンツウホンシャビル(37カイ),東京都,港区,東新橋電通本社ビル（３７階）
13103,"105  ",1057038,トウキョウト,ミナトク,ヒガシシンバシデンツウホンシャビル(38カイ),東京都,港区,東新橋電通本社ビル（３８階）
13103,"105  ",1057039,トウキョウト,ミナトク,ヒガシシンバシデンツウホンシャビル(39カイ),東京都,港区,東新橋電通本社ビル（３９階）
13103,"105  ",1057040,トウキョウト,ミナトク,ヒガシシンバシデンツウホンシャビル(40カイ),東京都,港区,東新橋電通本社ビル（４０階）
13103,"105  ",1057041,トウキョウト,ミナトク,ヒガシシンバシデンツウホンシャビル(41カイ),東京都,港区,東新橋電通本社ビル（４１階）
13103,"105  ",1057042,トウキョウト,ミナトク,ヒガシシンバシデンツウホンシャビル(42カイ),東京都,港区,東新橋電通本社ビル（４２階）
13103,"105  ",1057043,トウキョウト,ミナトク,ヒガシシンバシデンツウホンシャビル(43カイ),東京都,港区,東新橋電通本社ビル（４３階）
13103,"105  ",1057044,トウキョウト,ミナトク,ヒガシシンバシデンツウホンシャビル(44カイ),東京都,港区,東新橋電通本社ビル（４４階）
13103,"105  ",1057045,トウキョウト,ミナトク,ヒガシシンバシデンツウホンシャビル(45カイ),東京都,港区,東新橋電通本社ビル（４５階）
13103,"105  ",1057046,トウキョウト,ミナトク,ヒガシシンバシデンツウホンシャビル(46カイ),東京都,港区,東新橋電通本社ビル（４６階）
13103,"105  ",1057047,トウキョウト,ミナトク,ヒガシシンバシデンツウホンシャビル(47カイ),東京都,港区,東新橋電通本社ビル（４７階）
13103,"105  ",1057390,トウキョウト,ミナトク,ヒガシシンバシトウキョウシオドメビルディング(チカイ・カイソウフメイ),東京都,港区,東新橋東京汐留ビルディング（地階・階層不明）
13103,"106  ",1057301,トウキョウト,ミナトク,ヒガシシンバシトウキョウシオドメビルディング(1カイ),東京都,港区,東新橋東京汐留ビルディング（１階）
13103,"106  ",1057302,トウキョウト,ミナトク,ヒガシシンバシトウキョウシオドメビルディング(2カイ),東京都,港区,東新橋東京汐留ビルディング（２階）
13103,"107  ",1057303,トウキョウト,ミナトク,ヒガシシンバシトウキョウシオドメビルディング(3カイ),東京都,港区,東新橋東京汐留ビルディング（３階）
13103,"107  ",1057304,トウキョウト,ミナトク,ヒガシシンバシトウキョウシオドメビルディング(4カイ),東京都,港区,東新橋東京汐留ビルディング（４階）
13103,"108  ",1057305,トウキョウト,ミナトク,ヒガシシンバシトウキョウシオドメビルディング(5カイ),東京都,港区,東新橋東京汐留ビルディング（５階）
13103,"108  ",1057306,トウキョウト,ミナトク,ヒガシシンバシトウキョウシオドメビルディング(6カイ),東京都,港区,東新橋東京汐留ビルディング（６階）
13103,"109  ",1057307,トウキョウト,ミナトク,ヒガシシンバシトウキョウシオドメビルディング(7カイ),東京都,港区,東新橋東京汐留ビルディング（７階）
13103,"109  ",1057308,トウキョウト,ミナトク,ヒガシシンバシトウキョウシオドメビルディング(8カイ),東京都,港区,東新橋東京汐留ビルディング（８階）
13103,"110  ",1057309,トウキョウト,ミナトク,ヒガシシンバシトウキョウシオドメビルディング(9カイ),東京都,港区,東新橋東京汐留ビルディング（９階）
13103,"110  ",1057310,トウキョウト,ミナトク,ヒガシシンバシトウキョウシオドメビルディング(10カイ),東京都,港区,東新橋東京汐留ビルディング（１０階）
13103,"111  ",1057311,トウキョウト,ミナトク,ヒガシシンバシトウキョウシオドメビルディング(11カイ),東京都,港区,東新橋東京汐留ビルディング（１１階）
13103,"111  ",1057312,トウキョウト,ミナトク,ヒガシシンバシトウキョウシオドメビルディング(12カイ),東京都,港区,東新橋東京汐留ビルディング（１２階）
13103,"112  ",1057313,トウキョウト,ミナトク,ヒガシシンバシトウキョウシオドメビルディング(13カイ),東京都,港区,東新橋東京汐留ビルディング（１３階）
13103,"112  ",1057314,トウキョウト,ミナトク,ヒガシシンバシトウキョウシオドメビルディング(14カイ),東京都,港区,東新橋東京汐留ビルディング（１４階）
13103,"113  ",1057315,トウキョウト,ミナトク,ヒガシシンバシトウキョウシオドメビルディング(15カイ),東京都,港区,東新橋東京汐留ビルディング（１５階）
13103,"113  ",1057316,トウキョウト,ミナトク,ヒガシシンバシトウキョウシオドメビルディング(16カイ),東京都,港区,東新橋東京汐留ビルディング（１６階）
13103,"114  ",1057317,トウキョウト,ミナトク,ヒガシシンバシトウキョウシオドメビルディング(17カイ),東京都,港区,東新橋東京汐留ビルディング（１７階）
13103,"114  ",1057318,トウキョウト,ミナトク,ヒガシシンバシトウキョウシオドメビルディング(18カイ),東京都,港区,東新橋東京汐留ビルディング（１８階）
13103,"115  ",1057319,トウキョウト,ミナトク,ヒガシシンバシトウキョウシオドメビルディング(19カイ),東京都,港区,東新橋東京汐留ビルディング（１９階）
13103,"115  ",1057320,トウキョウト,ミナトク,ヒガシシンバシトウキョウシオドメビルディング(20カイ),東京都,港区,東新橋東京汐留ビルディング（２０階）
13103,"116  ",1057321,トウキョウト,ミナトク,ヒガシシンバシトウキョウシオドメビルディング(21カイ),東京都,港区,東新橋東京汐留ビルディング（２１階）
13103,"116  ",1057322,トウキョウト,ミナトク,ヒガシシンバシトウキョウシオドメビルディング(22カイ),東京都,港区,東新橋東京汐留ビルディング（２２階）
13103,"117  ",1057323,トウキョウト,ミナトク,ヒガシシンバシトウキョウシオドメビルディング(23カイ),東京都,港区,東新橋東京汐留ビルディング（２３階）
13103,"117  ",1057324,トウキョウト,ミナトク,ヒガシシンバシトウキョウシオドメビルディング(24カイ),東京都,港区,東新橋東京汐留ビルディング（２４階）
13103,"118  ",1057325,トウキョウト,ミナトク,ヒガシシンバシトウキョウシオドメビルディング(25カイ),東京都,港区,東新橋東京汐留ビルディング（２５階）
13103,"118  ",1057326,トウキョウト,ミナトク,ヒガシシンバシトウキョウシオドメビルディング(26カイ),東京都,港区,東新橋東京汐留ビルディング（２６階）
13103,"119  ",1057327,トウキョウト,ミナトク,ヒガシシンバシトウキョウシオドメビルディング(27カイ),東京都,港区,東新橋東京汐留ビルディング（２７階）
13103,"119  ",1057328,トウキョウト,ミナトク,ヒガシシンバシトウキョウシオドメビルディング(28カイ),東京都,港区,東新橋東京汐留ビルディング（２８階）
13103,"120  ",1057329,トウキョウト,ミナトク,ヒガシシンバシトウキョウシオドメビルディング(29カイ),東京都,港区,東新橋東京汐留ビルディング（２９階）
13103,"120  ",1057330,トウキョウト,ミナトク,ヒガシシンバシトウキョウシオドメビルディング(30カイ),東京都,港区,東新橋東京汐留ビルディング（３０階）
13103,"121  ",1057331,トウキョウト,ミナトク,ヒガシシンバシトウキョウシオドメビルディング(31カイ),東京都,港区,東新橋東京汐留ビルディング（３１階）
13103,"121  ",1057332,トウキョウト,ミナトク,ヒガシシンバシトウキョウシオドメビルディング(32カイ),東京都,港区,東新橋東京汐留ビルディング（３２階）
13103,"122  ",1057333,トウキョウト,ミナトク,ヒガシシンバシトウキョウシオドメビルディング(33カイ),東京都,港区,東新橋東京汐留ビルディング（３３階）
13103,"122  ",1057334,トウキョウト,ミナトク,ヒガシシンバシトウキョウシオドメビルディング(34カイ),東京都,港区,東新橋東京汐留ビルディング（３４階）
13103,"123  ",1057335,トウキョウト,ミナトク,ヒガシシンバシトウキョウシオドメビルディング(35カイ),東京都,港区,東新橋東京汐留ビルディング（３５階）
13103,"123  ",1057336,トウキョウト,ミナトク,ヒガシシンバシトウキョウシオドメビルディング(36カイ),東京都,港区,東新橋東京汐留ビルディング（３６階）
13103,"124  ",1057337,トウキョウト,ミナトク,ヒガシシンバシトウキョウシオドメビルディング(37カイ),東京都,港区,東新橋東京汐留ビルディング（３７階）
13103,"105  ",1057490,トウキョウト,ミナトク,ヒガシシンバシニホンテレビタワー(チカイ・カイソウフメイ),東京都,港区,東新橋日本テレビタワー（地階・階層不明）
13103,"105  ",1057401,トウキョウト,ミナトク,ヒガシシンバシニホンテレビタワー(1カイ),東京都,港区,東新橋日本テレビタワー（１階）
13103,"105  ",1057402,トウキョウト,ミナトク,ヒガシシンバシニホンテレビタワー(2カイ),東京都,港区,東新橋日本テレビタワー（２階）
13103,"105  ",1057403,トウキョウト,ミナトク,ヒガシシンバシニホンテレビタワー(3カイ),東京都,港区,東新橋日本テレビタワー（３階）
13103,"105  ",1057404,トウキョウト,ミナトク,ヒガシシンバシニホンテレビタワー(4カイ),東京都,港区,東新橋日本テレビタワー（４階）
13103,"105  ",1057405,トウキョウト,ミナトク,ヒガシシンバシニホンテレビタワー(5カイ),東京都,港区,東新橋日本テレビタワー（５階）
13103,"105  ",1057406,トウキョウト,ミナトク,ヒガシシンバシニホンテレビタワー(6カイ),東京都,港区,東新橋日本テレビタワー（６階）
13103,"105  ",1057407,トウキョウト,ミナトク,ヒガシシンバシニホンテレビタワー(7カイ),東京都,港区,東新橋日本テレビタワー（７階）
13103,"105  ",1057408,トウキョウト,ミナトク,ヒガシシンバシニホンテレビタワー(8カイ),東京都,港区,東新橋日本テレビタワー（８階）
13103,"105  ",1057409,トウキョウト,ミナトク,ヒガシシンバシニホンテレビタワー(9カイ),東京都,港区,東新橋日本テレビタワー（９階）
13103,"105  ",1057410,トウキョウト,ミナトク,ヒガシシンバシニホンテレビタワー(10カイ),東京都,港区,東新橋日本テレビタワー（１０階）
13103,"105  ",1057411,トウキョウト,ミナトク,ヒガシシンバシニホンテレビタワー(11カイ),東京都,港区,東新橋日本テレビタワー（１１階）
13103,"105  ",1057412,トウキョウト,ミナトク,ヒガシシンバシニホンテレビタワー(12カイ),東京都,港区,東新橋日本テレビタワー（１２階）
13103,"105  ",1057413,トウキョウト,ミナトク,ヒガシシンバシニホンテレビタワー(13カイ),東京都,港区,東新橋日本テレビタワー（１３階）
13103,"105  ",1057414,トウキョウト,ミナトク,ヒガシシンバシニホンテレビタワー(14カイ),東京都,港区,東新橋日本テレビタワー（１４階）
13103,"105  ",1057415,トウキョウト,ミナトク,ヒガシシンバシニホンテレビタワー(15カイ),東京都,港区,東新橋日本テレビタワー（１５階）
13103,"105  ",1057416,トウキョウト,ミナトク,ヒガシシンバシニホンテレビタワー(16カイ),東京都,港区,東新橋日本テレビタワー（１６階）
13103,"105  ",1057417,トウキョウト,ミナトク,ヒガシシンバシニホンテレビタワー(17カイ),東京都,港区,東新橋日本テレビタワー（１７階）
13103,"105  ",1057418,トウキョウト,ミナトク,ヒガシシンバシニホンテレビタワー(18カイ),東京都,港区,東新橋日本テレビタワー（１８階）
13103,"105  ",1057419,トウキョウト,ミナトク,ヒガシシンバシニホンテレビタワー(19カイ),東京都,港区,東新橋日本テレビタワー（１９階）
13103,"105  ",1057420,トウキョウト,ミナトク,ヒガシシンバシニホンテレビタワー(20カイ),東京都,港区,東新橋日本テレビタワー（２０階）
13103,"105  ",1057421,トウキョウト,ミナトク,ヒガシシンバシニホンテレビタワー(21カイ),東京都,港区,東新橋日本テレビタワー（２１階）
13103,"105  ",1057422,トウキョウト,ミナトク,ヒガシシンバシニホンテレビタワー(22カイ),東京都,港区,東新橋日本テレビタワー（２２階）
13103,"105  ",1057423,トウキョウト,ミナトク,ヒガシシンバシニホンテレビタワー(23カイ),東京都,港区,東新橋日本テレビタワー（２３階）
13103,"105  ",1057424,トウキョウト,ミナトク,ヒガシシンバシニホンテレビタワー(24カイ),東京都,港区,東新橋日本テレビタワー（２４階）
13103,"105  ",1057425,トウキョウト,ミナトク,ヒガシシンバシニホンテレビタワー(25カイ),東京都,港区,東新橋日本テレビタワー（２５階）
13103,"105  ",1057426,トウキョウト,ミナトク,ヒガシシンバシニホンテレビタワー(26カイ),東京都,港区,東新橋日本テレビタワー（２６階）
13103,"105  ",1057427,トウキョウト,ミナトク,ヒガシシンバシニホンテレビタワー(27カイ),東京都,港区,東新橋日本テレビタワー（２７階）
13103,"105  ",1057428,トウキョウト,ミナトク,ヒガシシンバシニホンテレビタワー(28カイ),東京都,港区,東新橋日本テレビタワー（２８階）
13103,"105  ",1057429,トウキョウト,ミナトク,ヒガシシンバシニホンテレビタワー(29カイ),東京都,港区,東新橋日本テレビタワー（２９階）
13103,"105  ",1057430,トウキョウト,ミナトク,ヒガシシンバシニホンテレビタワー(30カイ),東京都,港区,東新橋日本テレビタワー（３０階）
13103,"105  ",1057431,トウキョウト,ミナトク,ヒガシシンバシニホンテレビタワー(31カイ),東京都,港区,東新橋日本テレビタワー（３１階）
13103,"105  ",1057432,トウキョウト,ミナトク,ヒガシシンバシニホンテレビタワー(32カイ),東京都,港区,東新橋日本テレビタワー（３２階）
13103,"108  ",1080073,トウキョウト,ミナトク,ミタ(ツギノビルヲノゾク),東京都,港区,三田（次のビルを除く）
13103,"108  ",1086390,トウキョウト,ミナトク,ミタスミトモフドウサンミタツインビルニシカン(チカイ・カイソウフメイ),東京都,港区,三田住友不動産三田ツインビル西館（地階・階層不明）
13103,"108  ",1086301,トウキョウト,ミナトク,ミタスミトモフドウサンミタツインビルニシカン(1カイ),東京都,港区,三田住友不動産三田ツインビル西館（１階）
13103,"108  ",1086302,トウキョウト,ミナトク,ミタスミトモフドウサンミタツインビルニシカン(2カイ),東京都,港区,三田住友不動産三田ツインビル西館（２階）
13103,"108  ",1086303,トウキョウト,ミナトク,ミタスミトモフドウサンミタツインビルニシカン(3カイ),東京都,港区,三田住友不動産三田ツインビル西館（３階）
13103,"108  ",1086304,トウキョウト,ミナトク,ミタスミトモフドウサンミタツインビルニシカン(4カイ),東京都,港区,三田住友不動産三田ツインビル西館（４階）
13103,"108  ",1086305,トウキョウト,ミナトク,ミタスミトモフドウサンミタツインビルニシカン(5カイ),東京都,港区,三田住友不動産三田ツインビル西館（５階）
13103,"108  ",1086306,トウキョウト,ミナトク,ミタスミトモフドウサンミタツインビルニシカン(6カイ),東京都,港区,三田住友不動産三田ツインビル西館（６階）
13103,"108  ",1086307,トウキョウト,ミナトク,ミタスミトモフドウサンミタツインビルニシカン(7カイ),東京都,港区,三田住友不動産三田ツインビル西館（７階）
13103,"108  ",1086308,トウキョウト,ミナトク,ミタスミトモフドウサンミタツインビルニシカン(8カイ),東京都,港区,三田住友不動産三田ツインビル西館（８階）
13103,"108  ",1086309,トウキョウト,ミナトク,ミタスミトモフドウサンミタツインビルニシカン(9カイ),東京都,港区,三田住友不動産三田ツインビル西館（９階）
13103,"108  ",1086310,トウキョウト,ミナトク,ミタスミトモフドウサンミタツインビルニシカン(10カイ),東京都,港区,三田住友不動産三田ツインビル西館（１０階）
13103,"108  ",1086311,トウキョウト,ミナトク,ミタスミトモフドウサンミタツインビルニシカン(11カイ),東京都,港区,三田住友不動産三田ツインビル西館（１１階）
13103,"108  ",1086312,トウキョウト,ミナトク,ミタスミトモフドウサンミタツインビルニシカン(12カイ),東京都,港区,三田住友不動産三田ツインビル西館（１２階）
13103,"108  ",1086313,トウキョウト,ミナトク,ミタスミトモフドウサンミタツインビルニシカン(13カイ),東京都,港区,三田住友不動産三田ツインビル西館（１３階）
13103,"108  ",1086314,トウキョウト,ミナトク,ミタスミトモフドウサンミタツインビルニシカン(14カイ),東京都,港区,三田住友不動産三田ツインビル西館（１４階）
13103,"108  ",1086315,トウキョウト,ミナトク,ミタスミトモフドウサンミタツインビルニシカン(15カイ),東京都,港区,三田住友不動産三田ツインビル西館（１５階）
13103,"108  ",1086316,トウキョウト,ミナトク,ミタスミトモフドウサンミタツインビルニシカン(16カイ),東京都,港区,三田住友不動産三田ツインビル西館（１６階）
13103,"108  ",1086317,トウキョウト,ミナトク,ミタスミトモフドウサンミタツインビルニシカン(17カイ),東京都,港区,三田住友不動産三田ツインビル西館（１７階）
13103,"108  ",1086318,トウキョウト,ミナトク,ミタスミトモフドウサンミタツインビルニシカン(18カイ),東京都,港区,三田住友不動産三田ツインビル西館（１８階）
13103,"108  ",1086319,トウキョウト,ミナトク,ミタスミトモフドウサンミタツインビルニシカン(19カイ),東京都,港区,三田住友不動産三田ツインビル西館（１９階）
13103,"108  ",1086320,トウキョウト,ミナトク,ミタスミトモフドウサンミタツインビルニシカン(20カイ),東京都,港区,三田住友不動産三田ツインビル西館（２０階）
13103,"108  ",1086321,トウキョウト,ミナトク,ミタスミトモフドウサンミタツインビルニシカン(21カイ),東京都,港区,三田住友不動産三田ツインビル西館（２１階）
13103,"108  ",1086322,トウキョウト,ミナトク,ミタスミトモフドウサンミタツインビルニシカン(22カイ),東京都,港区,三田住友不動産三田ツインビル西館（２２階）
13103,"108  ",1086323,トウキョウト,ミナトク,ミタスミトモフドウサンミタツインビルニシカン(23カイ),東京都,港区,三田住友不動産三田ツインビル西館（２３階）
13103,"108  ",1086324,トウキョウト,ミナトク,ミタスミトモフドウサンミタツインビルニシカン(24カイ),東京都,港区,三田住友不動産三田ツインビル西館（２４階）
13103,"108  ",1086325,トウキョウト,ミナトク,ミタスミトモフドウサンミタツインビルニシカン(25カイ),東京都,港区,三田住友不動産三田ツインビル西館（２５階）
13103,"108  ",1086326,トウキョウト,ミナトク,ミタスミトモフドウサンミタツインビルニシカン(26カイ),東京都,港区,三田住友不動産三田ツインビル西館（２６階）
13103,"108  ",1086327,トウキョウト,ミナトク,ミタスミトモフドウサンミタツインビルニシカン(27カイ),東京都,港区,三田住友不動産三田ツインビル西館（２７階）
13103,"108  ",1086328,トウキョウト,ミナトク,ミタスミトモフドウサンミタツインビルニシカン(28カイ),東京都,港区,三田住友不動産三田ツインビル西館（２８階）
13103,"108  ",1086329,トウキョウト,ミナトク,ミタスミトモフドウサンミタツインビルニシカン(29カイ),東京都,港区,三田住友不動産三田ツインビル西館（２９階）
13103,"108  ",1086330,トウキョウト,ミナトク,ミタスミトモフドウサンミタツインビルニシカン(30カイ),東京都,港区,三田住友不動産三田ツインビル西館（３０階）
13103,"107  ",1070062,トウキョウト,ミナトク,ミナミアオヤマ,東京都,港区,南青山
13103,"106  ",1060047,トウキョウト,ミナトク,ミナミアザブ,東京都,港区,南麻布
13103,"107  ",1070051,トウキョウト,ミナトク,モトアカサカ,東京都,港区,元赤坂
13103,"106  ",1060046,トウキョウト,ミナトク,モトアザブ,東京都,港区,元麻布
13103,"106  ",1060032,トウキョウト,ミナトク,ロッポンギ(ツギノビルヲノゾク),東京都,港区,六本木（次のビルを除く）
13103,"106  ",1066090,トウキョウト,ミナトク,ロッポンギイズミガーデンタワー(チカイ・カイソウフメイ),東京都,港区,六本木泉ガーデンタワー（地階・階層不明）
13103,"106  ",1066001,トウキョウト,ミナトク,ロッポンギイズミガーデンタワー(1カイ),東京都,港区,六本木泉ガーデンタワー（１階）
13103,"106  ",1066002,トウキョウト,ミナトク,ロッポンギイズミガーデンタワー(2カイ),東京都,港区,六本木泉ガーデンタワー（２階）
13103,"106  ",1066003,トウキョウト,ミナトク,ロッポンギイズミガーデンタワー(3カイ),東京都,港区,六本木泉ガーデンタワー（３階）
13103,"106  ",1066004,トウキョウト,ミナトク,ロッポンギイズミガーデンタワー(4カイ),東京都,港区,六本木泉ガーデンタワー（４階）
13103,"106  ",1066005,トウキョウト,ミナトク,ロッポンギイズミガーデンタワー(5カイ),東京都,港区,六本木泉ガーデンタワー（５階）
13103,"106  ",1066006,トウキョウト,ミナトク,ロッポンギイズミガーデンタワー(6カイ),東京都,港区,六本木泉ガーデンタワー（６階）
13103,"106  ",1066007,トウキョウト,ミナトク,ロッポンギイズミガーデンタワー(7カイ),東京都,港区,六本木泉ガーデンタワー（７階）
13103,"106  ",1066008,トウキョウト,ミナトク,ロッポンギイズミガーデンタワー(8カイ),東京都,港区,六本木泉ガーデンタワー（８階）
13103,"106  ",1066009,トウキョウト,ミナトク,ロッポンギイズミガーデンタワー(9カイ),東京都,港区,六本木泉ガーデンタワー（９階）
13103,"106  ",1066010,トウキョウト,ミナトク,ロッポンギイズミガーデンタワー(10カイ),東京都,港区,六本木泉ガーデンタワー（１０階）
13103,"106  ",1066011,トウキョウト,ミナトク,ロッポンギイズミガーデンタワー(11カイ),東京都,港区,六本木泉ガーデンタワー（１１階）
13103,"106  ",1066012,トウキョウト,ミナトク,ロッポンギイズミガーデンタワー(12カイ),東京都,港区,六本木泉ガーデンタワー（１２階）
13103,"106  ",1066013,トウキョウト,ミナトク,ロッポンギイズミガーデンタワー(13カイ),東京都,港区,六本木泉ガーデンタワー（１３階）
13103,"106  ",1066014,トウキョウト,ミナトク,ロッポンギイズミガーデンタワー(14カイ),東京都,港区,六本木泉ガーデンタワー（１４階）
13103,"106  ",1066015,トウキョウト,ミナトク,ロッポンギイズミガーデンタワー(15カイ),東京都,港区,六本木泉ガーデンタワー（１５階）
13103,"106  ",1066016,トウキョウト,ミナトク,ロッポンギイズミガーデンタワー(16カイ),東京都,港区,六本木泉ガーデンタワー（１６階）
13103,"106  ",1066017,トウキョウト,ミナトク,ロッポンギイズミガーデンタワー(17カイ),東京都,港区,六本木泉ガーデンタワー（１７階）
13103,"106  ",1066018,トウキョウト,ミナトク,ロッポンギイズミガーデンタワー(18カイ),東京都,港区,六本木泉ガーデンタワー（１８階）
13103,"106  ",1066019,トウキョウト,ミナトク,ロッポンギイズミガーデンタワー(19カイ),東京都,港区,六本木泉ガーデンタワー（１９階）
13103,"106  ",1066020,トウキョウト,ミナトク,ロッポンギイズミガーデンタワー(20カイ),東京都,港区,六本木泉ガーデンタワー（２０階）
13103,"106  ",1066021,トウキョウト,ミナトク,ロッポンギイズミガーデンタワー(21カイ),東京都,港区,六本木泉ガーデンタワー（２１階）
13103,"106  ",1066022,トウキョウト,ミナトク,ロッポンギイズミガーデンタワー(22カイ),東京都,港区,六本木泉ガーデンタワー（２２階）
13103,"106  ",1066023,トウキョウト,ミナトク,ロッポンギイズミガーデンタワー(23カイ),東京都,港区,六本木泉ガーデンタワー（２３階）
13103,"106  ",1066024,トウキョウト,ミナトク,ロッポンギイズミガーデンタワー(24カイ),東京都,港区,六本木泉ガーデンタワー（２４階）
13103,"106  ",1066025,トウキョウト,ミナトク,ロッポンギイズミガーデンタワー(25カイ),東京都,港区,六本木泉ガーデンタワー（２５階）
13103,"106  ",1066026,トウキョウト,ミナトク,ロッポンギイズミガーデンタワー(26カイ),東京都,港区,六本木泉ガーデンタワー（２６階）
13103,"106  ",1066027,トウキョウト,ミナトク,ロッポンギイズミガーデンタワー(27カイ),東京都,港区,六本木泉ガーデンタワー（２７階）
13103,"106  ",1066028,トウキョウト,ミナトク,ロッポンギイズミガーデンタワー(28カイ),東京都,港区,六本木泉ガーデンタワー（２８階）
13103,"106  ",1066029,トウキョウト,ミナトク,ロッポンギイズミガーデンタワー(29カイ),東京都,港区,六本木泉ガーデンタワー（２９階）
13103,"106  ",1066030,トウキョウト,ミナトク,ロッポンギイズミガーデンタワー(30カイ),東京都,港区,六本木泉ガーデンタワー（３０階）
13103,"106  ",1066031,トウキョウト,ミナトク,ロッポンギイズミガーデンタワー(31カイ),東京都,港区,六本木泉ガーデンタワー（３１階）
13103,"106  ",1066032,トウキョウト,ミナトク,ロッポンギイズミガーデンタワー(32カイ),東京都,港区,六本木泉ガーデンタワー（３２階）
13103,"106  ",1066033,トウキョウト,ミナトク,ロッポンギイズミガーデンタワー(33カイ),東京都,港区,六本木泉ガーデンタワー（３３階）
13103,"106  ",1066034,トウキョウト,ミナトク,ロッポンギイズミガーデンタワー(34カイ),東京都,港区,六本木泉ガーデンタワー（３４階）
13103,"106  ",1066035,トウキョウト,ミナトク,ロッポンギイズミガーデンタワー(35カイ),東京都,港区,六本木泉ガーデンタワー（３５階）
13103,"106  ",1066036,トウキョウト,ミナトク,ロッポンギイズミガーデンタワー(36カイ),東京都,港区,六本木泉ガーデンタワー（３６階）
13103,"106  ",1066037,トウキョウト,ミナトク,ロッポンギイズミガーデンタワー(37カイ),東京都,港区,六本木泉ガーデンタワー（３７階）
13103,"106  ",1066038,トウキョウト,ミナトク,ロッポンギイズミガーデンタワー(38カイ),東京都,港区,六本木泉ガーデンタワー（３８階）
13103,"106  ",1066039,トウキョウト,ミナトク,ロッポンギイズミガーデンタワー(39カイ),東京都,港区,六本木泉ガーデンタワー（３９階）
13103,"106  ",1066040,トウキョウト,ミナトク,ロッポンギイズミガーデンタワー(40カイ),東京都,港区,六本木泉ガーデンタワー（４０階）
13103,"106  ",1066041,トウキョウト,ミナトク,ロッポンギイズミガーデンタワー(41カイ),東京都,港区,六本木泉ガーデンタワー（４１階）
13103,"106  ",1066042,トウキョウト,ミナトク,ロッポンギイズミガーデンタワー(42カイ),東京都,港区,六本木泉ガーデンタワー（４２階）
13103,"106  ",1066043,トウキョウト,ミナトク,ロッポンギイズミガーデンタワー(43カイ),東京都,港区,六本木泉ガーデンタワー（４３階）
13103,"106  ",1066044,トウキョウト,ミナトク,ロッポンギイズミガーデンタワー(44カイ),東京都,港区,六本木泉ガーデンタワー（４４階）
13103,"106  ",1066045,トウキョウト,ミナトク,ロッポンギイズミガーデンタワー(45カイ),東京都,港区,六本木泉ガーデンタワー（４５階）
13103,"106  ",1066290,トウキョウト,ミナトク,ロッポンギスミトモフドウサンロッポンギグランドタワー(チカイ・カイソウフメイ),東京都,港区,六本木住友不動産六本木グランドタワー（地階・階層不明）
13103,"106  ",1066201,トウキョウト,ミナトク,ロッポンギスミトモフドウサンロッポンギグランドタワー(1カイ),東京都,港区,六本木住友不動産六本木グランドタワー（１階）
13103,"106  ",1066202,トウキョウト,ミナトク,ロッポンギスミトモフドウサンロッポンギグランドタワー(2カイ),東京都,港区,六本木住友不動産六本木グランドタワー（２階）
13103,"106  ",1066203,トウキョウト,ミナトク,ロッポンギスミトモフドウサンロッポンギグランドタワー(3カイ),東京都,港区,六本木住友不動産六本木グランドタワー（３階）
13103,"106  ",1066204,トウキョウト,ミナトク,ロッポンギスミトモフドウサンロッポンギグランドタワー(4カイ),東京都,港区,六本木住友不動産六本木グランドタワー（４階）
13103,"106  ",1066205,トウキョウト,ミナトク,ロッポンギスミトモフドウサンロッポンギグランドタワー(5カイ),東京都,港区,六本木住友不動産六本木グランドタワー（５階）
13103,"106  ",1066206,トウキョウト,ミナトク,ロッポンギスミトモフドウサンロッポンギグランドタワー(6カイ),東京都,港区,六本木住友不動産六本木グランドタワー（６階）
13103,"106  ",1066207,トウキョウト,ミナトク,ロッポンギスミトモフドウサンロッポンギグランドタワー(7カイ),東京都,港区,六本木住友不動産六本木グランドタワー（７階）
13103,"106  ",1066208,トウキョウト,ミナトク,ロッポンギスミトモフドウサンロッポンギグランドタワー(8カイ),東京都,港区,六本木住友不動産六本木グランドタワー（８階）
13103,"106  ",1066209,トウキョウト,ミナトク,ロッポンギスミトモフドウサンロッポンギグランドタワー(9カイ),東京都,港区,六本木住友不動産六本木グランドタワー（９階）
13103,"106  ",1066210,トウキョウト,ミナトク,ロッポンギスミトモフドウサンロッポンギグランドタワー(10カイ),東京都,港区,六本木住友不動産六本木グランドタワー（１０階）
13103,"106  ",1066211,トウキョウト,ミナトク,ロッポンギスミトモフドウサンロッポンギグランドタワー(11カイ),東京都,港区,六本木住友不動産六本木グランドタワー（１１階）
13103,"106  ",1066212,トウキョウト,ミナトク,ロッポンギスミトモフドウサンロッポンギグランドタワー(12カイ),東京都,港区,六本木住友不動産六本木グランドタワー（１２階）
13103,"106  ",1066213,トウキョウト,ミナトク,ロッポンギスミトモフドウサンロッポンギグランドタワー(13カイ),東京都,港区,六本木住友不動産六本木グランドタワー（１３階）
13103,"106  ",1066214,トウキョウト,ミナトク,ロッポンギスミトモフドウサンロッポンギグランドタワー(14カイ),東京都,港区,六本木住友不動産六本木グランドタワー（１４階）
13103,"106  ",1066215,トウキョウト,ミナトク,ロッポンギスミトモフドウサンロッポンギグランドタワー(15カイ),東京都,港区,六本木住友不動産六本木グランドタワー（１５階）
13103,"106  ",1066216,トウキョウト,ミナトク,ロッポンギスミトモフドウサンロッポンギグランドタワー(16カイ),東京都,港区,六本木住友不動産六本木グランドタワー（１６階）
13103,"106  ",1066217,トウキョウト,ミナトク,ロッポンギスミトモフドウサンロッポンギグランドタワー(17カイ),東京都,港区,六本木住友不動産六本木グランドタワー（１７階）
13103,"106  ",1066218,トウキョウト,ミナトク,ロッポンギスミトモフドウサンロッポンギグランドタワー(18カイ),東京都,港区,六本木住友不動産六本木グランドタワー（１８階）
13103,"106  ",1066219,トウキョウト,ミナトク,ロッポンギスミトモフドウサンロッポンギグランドタワー(19カイ),東京都,港区,六本木住友不動産六本木グランドタワー（１９階）
13103,"106  ",1066220,トウキョウト,ミナトク,ロッポンギスミトモフドウサンロッポンギグランドタワー(20カイ),東京都,港区,六本木住友不動産六本木グランドタワー（２０階）
13103,"106  ",1066221,トウキョウト,ミナトク,ロッポンギスミトモフドウサンロッポンギグランドタワー(21カイ),東京都,港区,六本木住友不動産六本木グランドタワー（２１階）
13103,"106  ",1066222,トウキョウト,ミナトク,ロッポンギスミトモフドウサンロッポンギグランドタワー(22カイ),東京都,港区,六本木住友不動産六本木グランドタワー（２２階）
13103,"106  ",1066223,トウキョウト,ミナトク,ロッポンギスミトモフドウサンロッポンギグランドタワー(23カイ),東京都,港区,六本木住友不動産六本木グランドタワー（２３階）
13103,"106  ",1066224,トウキョウト,ミナトク,ロッポンギスミトモフドウサンロッポンギグランドタワー(24カイ),東京都,港区,六本木住友不動産六本木グランドタワー（２４階）
13103,"106  ",1066225,トウキョウト,ミナトク,ロッポンギスミトモフドウサンロッポンギグランドタワー(25カイ),東京都,港区,六本木住友不動産六本木グランドタワー（２５階）
13103,"106  ",1066226,トウキョウト,ミナトク,ロッポンギスミトモフドウサンロッポンギグランドタワー(26カイ),東京都,港区,六本木住友不動産六本木グランドタワー（２６階）
13103,"106  ",1066227,トウキョウト,ミナトク,ロッポンギスミトモフドウサンロッポンギグランドタワー(27カイ),東京都,港区,六本木住友不動産六本木グランドタワー（２７階）
13103,"106  ",1066228,トウキョウト,ミナトク,ロッポンギスミトモフドウサンロッポンギグランドタワー(28カイ),東京都,港区,六本木住友不動産六本木グランドタワー（２８階）
13103,"106  ",1066229,トウキョウト,ミナトク,ロッポンギスミトモフドウサンロッポンギグランドタワー(29カイ),東京都,港区,六本木住友不動産六本木グランドタワー（２９階）
13103,"106  ",1066230,トウキョウト,ミナトク,ロッポンギスミトモフドウサンロッポンギグランドタワー(30カイ),東京都,港区,六本木住友不動産六本木グランドタワー（３０階）
13103,"106  ",1066231,トウキョウト,ミナトク,ロッポンギスミトモフドウサンロッポンギグランドタワー(31カイ),東京都,港区,六本木住友不動産六本木グランドタワー（３１階）
13103,"106  ",1066232,トウキョウト,ミナトク,ロッポンギスミトモフドウサンロッポンギグランドタワー(32カイ),東京都,港区,六本木住友不動産六本木グランドタワー（３２階）
13103,"106  ",1066233,トウキョウト,ミナトク,ロッポンギスミトモフドウサンロッポンギグランドタワー(33カイ),東京都,港区,六本木住友不動産六本木グランドタワー（３３階）
13103,"106  ",1066234,トウキョウト,ミナトク,ロッポンギスミトモフドウサンロッポンギグランドタワー(34カイ),東京都,港区,六本木住友不動産六本木グランドタワー（３４階）
13103,"106  ",1066235,トウキョウト,ミナトク,ロッポンギスミトモフドウサンロッポンギグランドタワー(35カイ),東京都,港区,六本木住友不動産六本木グランドタワー（３５階）
13103,"106  ",1066236,トウキョウト,ミナトク,ロッポンギスミトモフドウサンロッポンギグランドタワー(36カイ),東京都,港区,六本木住友不動産六本木グランドタワー（３６階）
13103,"106  ",1066237,トウキョウト,ミナトク,ロッポンギスミトモフドウサンロッポンギグランドタワー(37カイ),東京都,港区,六本木住友不動産六本木グランドタワー（３７階）
13103,"106  ",1066238,トウキョウト,ミナトク,ロッポンギスミトモフドウサンロッポンギグランドタワー(38カイ),東京都,港区,六本木住友不動産六本木グランドタワー（３８階）
13103,"106  ",1066239,トウキョウト,ミナトク,ロッポンギスミトモフドウサンロッポンギグランドタワー(39カイ),東京都,港区,六本木住友不動産六本木グランドタワー（３９階）
13103,"106  ",1066240,トウキョウト,ミナトク,ロッポンギスミトモフドウサンロッポンギグランドタワー(40カイ),東京都,港区,六本木住友不動産六本木グランドタワー（４０階）
13103,"106  ",1066190,トウキョウト,ミナトク,ロッポンギロッポンギヒルズモリタワー(チカイ・カイソウフメイ),東京都,港区,六本木六本木ヒルズ森タワー（地階・階層不明）
13103,"106  ",1066101,トウキョウト,ミナトク,ロッポンギロッポンギヒルズモリタワー(1カイ),東京都,港区,六本木六本木ヒルズ森タワー（１階）
13103,"106  ",1066102,トウキョウト,ミナトク,ロッポンギロッポンギヒルズモリタワー(2カイ),東京都,港区,六本木六本木ヒルズ森タワー（２階）
13103,"106  ",1066103,トウキョウト,ミナトク,ロッポンギロッポンギヒルズモリタワー(3カイ),東京都,港区,六本木六本木ヒルズ森タワー（３階）
13103,"106  ",1066104,トウキョウト,ミナトク,ロッポンギロッポンギヒルズモリタワー(4カイ),東京都,港区,六本木六本木ヒルズ森タワー（４階）
13103,"106  ",1066105,トウキョウト,ミナトク,ロッポンギロッポンギヒルズモリタワー(5カイ),東京都,港区,六本木六本木ヒルズ森タワー（５階）
13103,"106  ",1066106,トウキョウト,ミナトク,ロッポンギロッポンギヒルズモリタワー(6カイ),東京都,港区,六本木六本木ヒルズ森タワー（６階）
13103,"106  ",1066107,トウキョウト,ミナトク,ロッポンギロッポンギヒルズモリタワー(7カイ),東京都,港区,六本木六本木ヒルズ森タワー（７階）
13103,"106  ",1066108,トウキョウト,ミナトク,ロッポンギロッポンギヒルズモリタワー(8カイ),東京都,港区,六本木六本木ヒルズ森タワー（８階）
13103,"106  ",1066109,トウキョウト,ミナトク,ロッポンギロッポンギヒルズモリタワー(9カイ),東京都,港区,六本木六本木ヒルズ森タワー（９階）
13103,"106  ",1066110,トウキョウト,ミナトク,ロッポンギロッポンギヒルズモリタワー(10カイ),東京都,港区,六本木六本木ヒルズ森タワー（１０階）
13103,"106  ",1066111,トウキョウト,ミナトク,ロッポンギロッポンギヒルズモリタワー(11カイ),東京都,港区,六本木六本木ヒルズ森タワー（１１階）
13103,"106  ",1066112,トウキョウト,ミナトク,ロッポンギロッポンギヒルズモリタワー(12カイ),東京都,港区,六本木六本木ヒルズ森タワー（１２階）
13103,"106  ",1066113,トウキョウト,ミナトク,ロッポンギロッポンギヒルズモリタワー(13カイ),東京都,港区,六本木六本木ヒルズ森タワー（１３階）
13103,"106  ",1066114,トウキョウト,ミナトク,ロッポンギロッポンギヒルズモリタワー(14カイ),東京都,港区,六本木六本木ヒルズ森タワー（１４階）
13103,"106  ",1066115,トウキョウト,ミナトク,ロッポンギロッポンギヒルズモリタワー(15カイ),東京都,港区,六本木六本木ヒルズ森タワー（１５階）
13103,"106  ",1066116,トウキョウト,ミナトク,ロッポンギロッポンギヒルズモリタワー(16カイ),東京都,港区,六本木六本木ヒルズ森タワー（１６階）
13103,"106  ",1066117,トウキョウト,ミナトク,ロッポンギロッポンギヒルズモリタワー(17カイ),東京都,港区,六本木六本木ヒルズ森タワー（１７階）
13103,"106  ",1066118,トウキョウト,ミナトク,ロッポンギロッポンギヒルズモリタワー(18カイ),東京都,港区,六本木六本木ヒルズ森タワー（１８階）
13103,"106  ",1066119,トウキョウト,ミナトク,ロッポンギロッポンギヒルズモリタワー(19カイ),東京都,港区,六本木六本木ヒルズ森タワー（１９階）
13103,"106  ",1066120,トウキョウト,ミナトク,ロッポンギロッポンギヒルズモリタワー(20カイ),東京都,港区,六本木六本木ヒルズ森タワー（２０階）
13103,"106  ",1066121,トウキョウト,ミナトク,ロッポンギロッポンギヒルズモリタワー(21カイ),東京都,港区,六本木六本木ヒルズ森タワー（２１階）
13103,"106  ",1066122,トウキョウト,ミナトク,ロッポンギロッポンギヒルズモリタワー(22カイ),東京都,港区,六本木六本木ヒルズ森タワー（２２階）
13103,"106  ",1066123,トウキョウト,ミナトク,ロッポンギロッポンギヒルズモリタワー(23カイ),東京都,港区,六本木六本木ヒルズ森タワー（２３階）
13103,"106  ",1066124,トウキョウト,ミナトク,ロッポンギロッポンギヒルズモリタワー(24カイ),東京都,港区,六本木六本木ヒルズ森タワー（２４階）
13103,"106  ",1066125,トウキョウト,ミナトク,ロッポンギロッポンギヒルズモリタワー(25カイ),東京都,港区,六本木六本木ヒルズ森タワー（２５階）
13103,"106  ",1066126,トウキョウト,ミナトク,ロッポンギロッポンギヒルズモリタワー(26カイ),東京都,港区,六本木六本木ヒルズ森タワー（２６階）
13103,"106  ",1066127,トウキョウト,ミナトク,ロッポンギロッポンギヒルズモリタワー(27カイ),東京都,港区,六本木六本木ヒルズ森タワー（２７階）
13103,"106  ",1066128,トウキョウト,ミナトク,ロッポンギロッポンギヒルズモリタワー(28カイ),東京都,港区,六本木六本木ヒルズ森タワー（２８階）
13103,"106  ",1066129,トウキョウト,ミナトク,ロッポンギロッポンギヒルズモリタワー(29カイ),東京都,港区,六本木六本木ヒルズ森タワー（２９階）
13103,"106  ",1066130,トウキョウト,ミナトク,ロッポンギロッポンギヒルズモリタワー(30カイ),東京都,港区,六本木六本木ヒルズ森タワー（３０階）
13103,"106  ",1066131,トウキョウト,ミナトク,ロッポンギロッポンギヒルズモリタワー(31カイ),東京都,港区,六本木六本木ヒルズ森タワー（３１階）
13103,"106  ",1066132,トウキョウト,ミナトク,ロッポンギロッポンギヒルズモリタワー(32カイ),東京都,港区,六本木六本木ヒルズ森タワー（３２階）
13103,"106  ",1066133,トウキョウト,ミナトク,ロッポンギロッポンギヒルズモリタワー(33カイ),東京都,港区,六本木六本木ヒルズ森タワー（３３階）
13103,"106  ",1066134,トウキョウト,ミナトク,ロッポンギロッポンギヒルズモリタワー(34カイ),東京都,港区,六本木六本木ヒルズ森タワー（３４階）
13103,"106  ",1066135,トウキョウト,ミナトク,ロッポンギロッポンギヒルズモリタワー(35カイ),東京都,港区,六本木六本木ヒルズ森タワー（３５階）
13103,"106  ",1066136,トウキョウト,ミナトク,ロッポンギロッポンギヒルズモリタワー(36カイ),東京都,港区,六本木六本木ヒルズ森タワー（３６階）
13103,"106  ",1066137,トウキョウト,ミナトク,ロッポンギロッポンギヒルズモリタワー(37カイ),東京都,港区,六本木六本木ヒルズ森タワー（３７階）
13103,"106  ",1066138,トウキョウト,ミナトク,ロッポンギロッポンギヒルズモリタワー(38カイ),東京都,港区,六本木六本木ヒルズ森タワー（３８階）
13103,"106  ",1066139,トウキョウト,ミナトク,ロッポンギロッポンギヒルズモリタワー(39カイ),東京都,港区,六本木六本木ヒルズ森タワー（３９階）
13103,"106  ",1066140,トウキョウト,ミナトク,ロッポンギロッポンギヒルズモリタワー(40カイ),東京都,港区,六本木六本木ヒルズ森タワー（４０階）
13103,"106  ",1066141,トウキョウト,ミナトク,ロッポンギロッポンギヒルズモリタワー(41カイ),東京都,港区,六本木六本木ヒルズ森タワー（４１階）
13103,"106  ",1066142,トウキョウト,ミナトク,ロッポンギロッポンギヒルズモリタワー(42カイ),東京都,港区,六本木六本木ヒルズ森タワー（４２階）
13103,"106  ",1066143,トウキョウト,ミナトク,ロッポンギロッポンギヒルズモリタワー(43カイ),東京都,港区,六本木六本木ヒルズ森タワー（４３階）
13103,"106  ",1066144,トウキョウト,ミナトク,ロッポンギロッポンギヒルズモリタワー(44カイ),東京都,港区,六本木六本木ヒルズ森タワー（４４階）
13103,"106  ",1066145,トウキョウト,ミナトク,ロッポンギロッポンギヒルズモリタワー(45カイ),東京都,港区,六本木六本木ヒルズ森タワー（４５階）
13103,"106  ",1066146,トウキョウト,ミナトク,ロッポンギロッポンギヒルズモリタワー(46カイ),東京都,港区,六本木六本木ヒルズ森タワー（４６階）
13103,"106  ",1066147,トウキョウト,ミナトク,ロッポンギロッポンギヒルズモリタワー(47カイ),東京都,港区,六本木六本木ヒルズ森タワー（４７階）
13103,"106  ",1066148,トウキョウト,ミナトク,ロッポンギロッポンギヒルズモリタワー(48カイ),東京都,港区,六本木六本木ヒルズ森タワー（４８階）
13103,"106  ",1066149,トウキョウト,ミナトク,ロッポンギロッポンギヒルズモリタワー(49カイ),東京都,港区,六本木六本木ヒルズ森タワー（４９階）
13103,"106  ",1066150,トウキョウト,ミナトク,ロッポンギロッポンギヒルズモリタワー(50カイ),東京都,港区,六本木六本木ヒルズ森タワー（５０階）
13103,"106  ",1066151,トウキョウト,ミナトク,ロッポンギロッポンギヒルズモリタワー(51カイ),東京都,港区,六本木六本木ヒルズ森タワー（５１階）
13103,"106  ",1066152,トウキョウト,ミナトク,ロッポンギロッポンギヒルズモリタワー(52カイ),東京都,港区,六本木六本木ヒルズ森タワー（５２階）
13103,"106  ",1066153,トウキョウト,ミナトク,ロッポンギロッポンギヒルズモリタワー(53カイ),東京都,港区,六本木六本木ヒルズ森タワー（５３階）
13103,"106  ",1066154,トウキョウト,ミナトク,ロッポンギロッポンギヒルズモリタワー(54カイ),東京都,港区,六本木六本木ヒルズ森タワー（５４階）
